study,task_feature,questionnaire,n,r,t,p,ci_lower,ci_upper,p_bh
Study5,mean_Confidence,MAIA_BodyListen,181,0.27553985620801275,3.8349232564460123,1.7385129340121694e-4,0.13511221036852405,0.4051161452098845,0.02696371249904573
Study5,mean_Confidence,MAIA_AttentionReg,181,0.2678174162580745,3.7190094128747755,2.67427827658439e-4,0.12691746985750663,0.39812318673784164,0.02696371249904573
Study5,mean_Confidence,MAIA_total,181,0.26587697536787447,3.690005997927199,2.97393887857122e-4,0.12486137179236981,0.39636366079773583,0.02696371249904573
Study5,conf_acc_r,MAIA_BodyListen,181,-0.23652841583063447,-3.2569519335818153,0.0013472023296220515,-0.36963398178975254,-0.09391052754189681,0.08505836910091813
Study5,mean_Confidence,MAIA_EmoAware,181,0.23343641025752104,3.211904588022213,0.0015635729614139364,0.09066568699083592,0.3668050011299394,0.08505836910091813
Study5,mean_Confidence,SPANE_Pos,181,0.22542258786773298,3.0956267581266395,0.002279976369166698,0.08226983493049257,0.35946138450461634,0.10335892873555698
Study5,mean_Confidence,MAIA_Noticing,181,0.21558456267758505,2.953782550822801,0.003560853199295571,0.07199052689949913,0.35042336681959724,0.13836458145834218
Study5,mean_Confidence,MAIA_SelfReg,181,0.1910363140063793,2.6038468121053926,0.009992337877065258,0.04647350274812628,0.3277612864924425,0.2565327730012103
Study5,thresh_direction_diff,MAIA_total,181,0.19076335992800408,2.5999858119286756,0.010101233875209406,0.04619083336272987,0.3275084173119745,0.2565327730012103
Study5,Awareness,MAIA_BodyListen,181,-0.1890550268978032,-2.5758352097940147,0.010806888489522203,-0.32592534420517416,-0.04442222106037421,0.2565327730012103
Study5,conf_acc_r,MAIA_NotWorrying,181,0.1878842947517912,2.55929866163672,0.011315235738080147,0.0432107024414786,0.32484001009885555,0.2565327730012103
Study5,conf_acc_r,MAIA_total,181,-0.18787890854615372,-2.559222607877111,0.011317622338288688,-0.3248350159515752,-0.04320512957199224,0.2565327730012103
Study5,mean_arousal_overall,MAIA_EmoAware,181,0.18483578250642277,2.5162913886074234,0.01273896790060192,0.040057980042149374,0.3220121753559977,0.2665384053049017
Study5,slope_miss_dec,MAIA_AttentionReg,172,-0.1844948566538944,-2.4475342744831017,0.015400570554281425,-0.32515285160135565,-0.035850145377946833,0.2992110850546105
Study5,conf_acc_r,MAIA_Noticing,181,-0.1755887351591643,-2.3862915275026184,0.018062343384212896,-0.31341950965648047,-0.030512433564026848,0.3097606162330427
Study5,conf_acc_r,MAIA_EmoAware,181,-0.1745282222361642,-2.3714246902298717,0.01878180363523071,-0.3124326007709507,-0.029419375650388133,0.3097606162330427
Study5,slope_hit_overall,MAIA_EmoAware,181,-0.1737011267458939,-2.359835934355792,0.019360038514565168,-0.3116627024939623,-0.02856713908412216,0.3097606162330427
Study5,thresh_direction_diff,MAIA_EmoAware,181,0.1688580880332418,2.2920806684054185,0.023064981951093473,0.023581118693691675,0.307150942008527,0.3485375050387458
Study5,mean_Confidence,MAIA_Trusting,181,0.1622664100399436,2.20013502816423,0.029077710824797456,0.01680642654069177,0.3010001492948989,0.40050605141966616
Study5,mean_arousal_overall,MAIA_total,181,0.16189900875616162,2.195019271177503,0.029448974369093103,0.016429217120157675,0.300656981741501,0.40050605141966616
Study5,miss_rate,MAIA_NotDistracting,181,0.15923740931815056,2.1579865577422046,0.032261202871734174,0.013697799683488696,0.29816986757026903,0.40642194752323313
Study5,slope_miss_overall,MAIA_AttentionReg,180,-0.1591005258890816,-2.1500523009332824,0.03290061335396581,-0.2984194519183854,-0.013143055318531332,0.40642194752323313
Study5,conf_acc_r,MAIA_Trusting,181,-0.15737106392770422,-2.132047626747677,0.03436656173909692,-0.2964247473863269,-0.011783791728227347,0.40642194752323313
Study5,conf_acc_r,MAIA_AttentionReg,181,-0.1548285516076629,-2.096748792418617,0.03742107718120507,-0.29404588447302615,-0.009178064450699103,0.41953130748872874
Study5,Awareness,MAIA_total,181,-0.15302196051432285,-2.071693067714131,0.03972810028456627,-0.2923545262035732,-0.007327757064580172,0.41953130748872874
Study5,conf_acc_r,MAIA_SelfReg,181,-0.15219965073700314,-2.0602954627893406,0.04081717797577214,-0.29158437839921764,-0.006485879125424829,0.41953130748872874
Study5,Awareness,MAIA_EmoAware,181,-0.15062772203439312,-2.0385199496834283,0.042968938070388,-0.2901116595366199,-0.004877118527016189,0.41953130748872874
Study5,mean_Confidence,MAIA_NotWorrying,181,-0.1504720977942664,-2.036364991899561,0.04318704635913385,-0.2899658213290329,-0.004717888885037755,0.41953130748872874
Study5,slope_hit_overall,MAIA_total,181,-0.14300875570919047,-1.9331972666534962,0.054789763714756017,-0.28296417888239234,0.0029096922564806065,0.5138901976004702
Study5,slope_miss_dec,MAIA_total,172,-0.14393924807802574,-1.8964872043359837,0.059591741243535834,-0.28738391533382934,0.005820534513381798,0.5402984539413915
Study5,slope_hit_acc,MAIA_NotWorrying,181,-0.13849538104481648,-1.8709723241510374,0.06298089748014565,-0.27872276184000155,0.0075141646612615996,0.548237048417462
Study5,slope_miss_dec,PHQ4_Depression,172,0.13979215594442643,1.8407411976629706,0.06740266354982472,-0.010052538595303024,0.2834964750136251,0.548237048417462
Study5,slope_miss_overall,SPANE_Pos,180,-0.1349721746333144,-1.8173835817965942,0.07084003055811895,-0.27579097024054783,0.011518535244212424,0.548237048417462
Study5,miss_rate,MAIA_EmoAware,181,0.13315390246589348,1.7974837221706652,0.07394440795745243,-0.012955467404483015,0.27369606128235646,0.548237048417462
Study5,miss_rate,SPANE_Neg,181,0.12877812171178146,1.7374004266108287,0.08403653355080919,-0.01740658608369777,0.26957242026410655,0.548237048417462
Study5,slope_hit_acc,SPANE_Neg,181,0.12783845133941238,1.7245115205213284,0.08634178141996604,-0.01836167963405505,0.26868622127508307,0.548237048417462
Study5,slope_miss_dec,SPANE_Pos,172,-0.13059138524955496,-1.7174107768910665,0.08772517805693494,-0.2748548738833125,0.019422568880851625,0.548237048417462
Study5,miss_rate,MAIA_Trusting,181,-0.12715655675180607,-1.7151613316010852,0.08804613922800766,-0.2680429801601678,0.01905459939953976,0.548237048417462
Study5,mean_arousal_overall,MAIA_AttentionReg,181,0.12687102082934795,1.7112467770168738,0.08876776424974527,-0.0193447102804385,0.26777359264116674,0.548237048417462
Study5,slope_miss_overall,BIPS_total,180,-0.12642612127156966,-1.700378633134059,0.09080621818767663,-0.26773854981512396,0.020210926114325446,0.548237048417462
Study5,miss_rate,PHQ4_Depression,181,0.12563604221889146,1.6943208040299156,0.0919434688326153,-0.020599192683686575,0.2666082041450367,0.548237048417462
Study5,mean_arousal_overall,MAIA_BodyListen,181,0.12561788832088344,1.6940720560626115,0.091990817201333,-0.020617629849442,0.26659107013066585,0.548237048417462
Study5,thresh_direction_diff,MAIA_BodyListen,181,0.1242213708453879,1.6749418851323117,0.095691764010482,-0.022035640091691677,0.26527274169615883,0.548237048417462
Study5,thresh_direction_diff,Alexithymia,181,-0.12363011527387588,-1.666845633902729,0.09729385735821838,-0.26471443072923306,0.02263581798141577,0.548237048417462
Study5,slope_miss_overall,MAIA_Noticing,180,-0.12306304143207393,-1.6544414061617205,0.09980012691684466,-0.2645643044605942,0.02362552575317218,0.548237048417462
Study5,slope_miss_dec,MAIA_Noticing,172,-0.12561612180149118,-1.6509108382291287,0.10060295423740209,-0.2701722487636626,0.024478404792462855,0.548237048417462
Study5,slope_miss_overall,MAIA_NotDistracting,180,0.12194502687324649,1.6391830419990052,0.10294137088329708,-0.024759909930909724,0.26350838610076666,0.548237048417462
Study5,mean_arousal_overall,PHQ4_Anxiety,181,-0.12119113810200208,-1.6334668956920493,0.10412851114754244,-0.26241035248216305,0.02511048649489527,0.548237048417462
Study5,mean_arousal_overall,PHQ4_Depression,181,-0.11912924259177045,-1.6052721743904494,0.11019670562487698,-0.2604612427489609,0.02720115753154912,0.548237048417462
Study5,arousal_conf_r,MAIA_NotDistracting,173,0.12157989987791652,1.6017458056019536,0.11105752519796953,-0.028130630784175,0.26595577627991585,0.548237048417462
Study5,mean_arousal_overall,MAIA_SelfReg,181,0.11874359710607156,1.6000011407580172,0.11136182212422352,-0.027592042977557064,0.26009656416232163,0.548237048417462
Study5,mean_arousal_overall,SPANE_Pos,181,0.11840951639200233,1.5954354923759424,0.11237892396151643,-0.027930626843032765,0.2597806142558532,0.548237048417462
Study5,thresh_direction_diff,MAIA_AttentionReg,181,0.11714919836437729,1.5782165367456937,0.11628144091648816,-0.02920763078123722,0.25858842208972066,0.548237048417462
Study5,slope_miss_overall,BARQ_total,180,-0.1173535976291757,-1.5765861811738429,0.11666635450154281,-0.2591684115427992,0.02941460714090191,0.548237048417462
Study5,mean_arousal_overall,MAIA_Trusting,181,0.11687517756184891,1.5744737841297813,0.11714374580844643,-0.029485216252904952,0.2583291563074549,0.548237048417462
Study5,Awareness,MAIA_NotWorrying,181,0.11661731995767821,1.57095213184375,0.11795972605458888,-0.029746407648034833,0.2580851647837795,0.548237048417462
Study5,arousal_salience_diff,BIPS_total,181,-0.11625158525095777,-1.5659577160718183,0.1191246541114433,-0.25773906620796094,0.03011683659087705,0.548237048417462
Study5,arousal_salience_diff,MSES_selfdoubt,181,-0.11554530747988612,-1.556314723270651,0.12139955228497794,-0.2570706053975169,0.03083206572797038,0.548237048417462
Study5,slope_miss_dec,MSES_selfdoubt,172,0.11854476859448139,1.5566107974761247,0.12142261518906328,-0.031651088738575445,0.26350503518010115,0.548237048417462
Study5,slope_hit_overall,MAIA_SelfReg,181,-0.11538452332253214,-1.5541198305259172,0.12192211088929647,-0.2569184113457613,0.030994866719885772,0.548237048417462
Study5,mean_Confidence,MSES_selfdoubt,181,-0.11506974085183926,-1.5498230380725182,0.12295022041715142,-0.2566204262164168,0.03131357525363568,0.548237048417462
Study5,Awareness,MAIA_Trusting,181,-0.11335921710753737,-1.5264825608191275,0.12865474251223438,-0.25500070844478695,0.03304491296868641,0.564420805860125
Study5,mean_threshold,MAIA_NotDistracting,181,0.11135936142482726,1.4992115046273626,0.1355803543254963,-0.03506798971317858,0.253106009936115,0.5796346843904803
Study5,Awareness,MAIA_SelfReg,181,-0.11113223305589257,-1.4961154386833582,0.13638463162128947,-0.25289075573545294,0.03529767949052025,0.5796346843904803
Study5,thresh_direction_diff,BARQ_total,181,-0.10943812903752584,-1.473029969564572,0.14249920083017792,-0.2512847758626142,0.03701040065549615,0.5944637141049351
Study5,slope_hit_overall,MAIA_Noticing,181,-0.10896465924830574,-1.4665803529659294,0.14424487180487397,-0.2508357954084174,0.03748891980232253,0.5944637141049351
Study5,mean_arousal_overall,MAIA_NotWorrying,181,-0.1061539921145869,-1.428314018843505,0.15494400490349264,-0.24816924749732944,0.04032817941240352,0.6228045960270737
Study5,arousal_salience_diff,MAIA_NotWorrying,181,-0.1055418346003157,-1.4199843156587617,0.15735155843221632,-0.2475881933026373,0.04094625075640228,0.6228045960270737
Study5,slope_hit_dec,SPANE_Pos,181,0.10530159649000315,1.416715812517539,0.15830403325956874,-0.04118877909178105,0.24736013361027612,0.6228045960270737
Study5,slope_hit_overall,MAIA_AttentionReg,181,-0.1048064992582529,-1.4099806739377339,0.16028059456579102,-0.246890084748548,0.04168854171812993,0.6228045960270737
Study5,miss_rate,SPANE_Pos,181,-0.10263314656032418,-1.3804275735816744,0.1691764382581203,-0.24482589685585482,0.04388150748127947,0.6481125522001228
Study5,thresh_direction_diff,MAIA_Trusting,181,0.10147284889412725,1.3646581349203502,0.17407354981829484,-0.04505169823837593,0.2437233514711406,0.6573561424781281
Study5,arousal_conf_r,MAIA_Trusting,173,-0.10095168075546494,-1.3268931834180346,0.18631312361684227,-0.24644004492160881,0.048986401212020025,0.6573561424781281
Study5,slope_miss_acc,PHQ4_Anxiety,170,-0.10181276292331429,-1.3265374794613318,0.18646212617307223,-0.2485186477098593,0.04945941876411548,0.6573561424781281
Study5,thresh_salience_diff,MAIA_BodyListen,181,-0.09848109454922693,-1.324023427288719,0.1871835188161582,-0.24087881046953702,0.04806710738250953,0.6573561424781281
Study5,mean_threshold,MAIA_total,181,0.09794205381269222,1.3167059377694583,0.18962052635456733,-0.04861012628096656,0.24036603374052737,0.6573561424781281
Study5,thresh_direction_diff,MAIA_Noticing,181,0.0979156273758404,1.3163472284677822,0.18974059382714234,-0.04863674551945474,0.24034089285072543,0.6573561424781281
Study5,slope_hit_overall,MAIA_NotDistracting,181,0.09788371481965305,1.3159140549841295,0.18988566129373466,-0.048668890625339696,0.24031053246601602,0.6573561424781281
Study5,slope_hit_overall,SPANE_Pos,181,-0.0976559701674993,-1.3128228218973879,0.19092329138151515,-0.2400938568288027,0.048898286059700896,0.6573561424781281
Study5,arousal_salience_diff,MAIA_NotDistracting,181,-0.09634609731525899,-1.2950476290864474,0.19697164954279284,-0.23884737177252408,0.05021735326554789,0.6697036084454956
Study5,slope_hit_overall,MAIA_Trusting,181,-0.0942184357502267,-1.2661893396818793,0.20709063542235967,-0.23682167129840356,0.05235886021792131,0.6954154670973065
Study5,slope_hit_overall,PHQ4_Depression,181,0.08976541903626727,1.2058475389238736,0.2294677774008639,-0.05683649507941475,0.2325780337940464,0.75713115839315
Study5,miss_rate,MSES_selfdoubt,181,0.08901605525931267,1.195700352700677,0.23339510043237505,-0.057589422366450704,0.231863369885585,0.75713115839315
Study5,mean_threshold,MAIA_EmoAware,181,0.08893553033324966,1.1946100812588398,0.23381991656259046,-0.05767032029693833,0.23178656455161614,0.75713115839315
Study5,mean_threshold,SPANE_Neg,181,0.0873846713314195,1.1736167246336666,0.24210779123087794,-0.05922798760480619,0.23030699498322957,0.7731432352286772
Study5,slope_miss_dec,MAIA_Trusting,172,-0.08873335949128881,-1.1615231874993563,0.2470574449949631,-0.23524430638039673,0.061720557574112066,0.7731432352286772
Study5,slope_hit_acc,MAIA_Trusting,181,-0.08603551021493458,-1.1553606712751916,0.24948266387643053,-0.22901931400904135,0.06058249109720748,0.7731432352286772
Study5,thresh_salience_diff,MAIA_NotDistracting,181,0.08591758815173643,1.1537653252041997,0.25013457610339557,-0.06070085445034218,0.22890674176985906,0.7731432352286772
Study5,arousal_conf_r,MAIA_Noticing,173,-0.08691185569824553,-1.140836908698263,0.25553302327338906,-0.23308956825139782,0.06310671414792311,0.7785597968717045
Study5,slope_hit_overall,BARQ_total,181,0.08458002563945512,1.1356730888463873,0.257611697494314,-0.06204313383281419,0.22762959329567203,0.7785597968717045
Study5,thresh_salience_diff,PHQ4_Depression,181,-0.08345174223301981,-1.120416431032318,0.2640373438301248,-0.2265518885499289,0.06317498384305356,0.7791059902251557
Study5,mean_threshold,PHQ4_Depression,181,0.0825928499114058,1.1088053938147768,0.26900167347784093,-0.06403633842164615,0.22573126367666188,0.7791059902251557
Study5,slope_hit_overall,MAIA_BodyListen,181,-0.0821876761590651,-1.1033288698418655,0.27136546246178683,-0.22534407167585463,0.06444259789218838,0.7791059902251557
Study5,thresh_direction_diff,MAIA_SelfReg,181,0.08180014435637198,1.0980913183629266,0.27363949131185344,-0.06483112266920167,0.22497369635497444,0.7791059902251557
Study5,mean_arousal_overall,BARQ_total,181,-0.08162096646530242,-1.09566987147261,0.2746952577760683,-0.22480243688825058,0.06501074464099427,0.7791059902251557
Study5,mean_threshold,MAIA_BodyListen,181,0.08103005948129252,1.0876849895192262,0.27819657665566067,-0.06560304881679291,0.2242375812105731,0.7791059902251557
Study5,slope_miss_dec,MAIA_SelfReg,172,-0.0829069851752731,-1.0847091736859134,0.27958636402564957,-0.22969190582742666,0.06756563479469757,0.7791059902251557
Study5,Awareness,MAIA_AttentionReg,181,-0.08038247741016269,-1.0789355869036776,0.2820681663237513,-0.22361843855130564,0.06625204343820014,0.7791059902251557
Study5,Awareness,MAIA_Noticing,181,-0.07999699750082119,-1.0737280683548307,0.2843898934650483,-0.22324983260249098,0.06663830528458599,0.7791059902251557
Study5,thresh_direction_diff,MAIA_NotDistracting,181,0.07924330547365445,1.0635477034913918,0.2889662995265082,-0.06739339920589614,0.2225290142366179,0.7791059902251557
Study5,miss_rate,BIPS_total,181,0.07918859816859462,1.0628088256834047,0.28930038607625264,-0.06744820173037563,0.22247668699228074,0.7791059902251557
Study5,thresh_direction_diff,SPANE_Neg,181,0.0781476981566295,1.0487522453307274,0.2957061078393934,-0.06849074490511681,0.2214809143957051,0.7804933825129019
Study5,mean_Confidence,BIPS_total,181,0.07746317405399679,1.0395101403969622,0.299969624408031,-0.0691761750806878,0.2208259043445704,0.7804933825129019
Study5,slope_hit_dec,PHQ4_Depression,181,-0.07741720122712038,-1.0388894912383972,0.30025741256900923,-0.22078190905469586,0.06922220379882844,0.7804933825129019
Study5,slope_hit_dec,MAIA_NotDistracting,181,-0.07691171004980073,-1.0320656232244219,0.30343380131844877,-0.22029812327598836,0.06972826835422176,0.7804933825129019
Study5,mean_arousal_overall,SPANE_Neg,181,-0.0765393352904545,-1.0270392700370294,0.3057878309842593,-0.2199416928706151,0.0701010172246522,0.7804933825129019
Study5,slope_miss_dec,Alexithymia,172,0.07795725535318526,1.0195410200048767,0.3093949190359502,-0.07252315201059854,0.2249674089764849,0.7804933825129019
Study5,slope_hit_dec,MAIA_Trusting,181,0.07589306222042166,1.0183168339131072,0.30990178423306397,-0.070747842387099,0.21932300103687719,0.7804933825129019
Study5,arousal_conf_r,MAIA_AttentionReg,173,-0.07576840748776013,-0.9936568175413882,0.32179395319188897,-0.22245388877328515,0.07427145445609737,0.7910078437735423
Study5,arousal_conf_r,MSES_selfdoubt,173,0.07569112102142253,0.9926374089785773,0.3222892192430046,-0.074348757479822,0.22238000187298765,0.7910078437735423
Study5,arousal_salience_diff,SPANE_Neg,181,0.07390230617819449,0.9914566218287464,0.32280099506935,-0.07273952436301331,0.21741648001983555,0.7910078437735423
Study5,mean_arousal_overall,MAIA_NotDistracting,181,0.07280431585746217,0.9766471429462008,0.3300619223166664,-0.07383752517149983,0.21636448029895453,0.7985033048645268
Study5,mean_Confidence,Alexithymia,181,-0.07255409784922726,-0.9732727528214214,0.33173115238857176,-0.21612469631274595,0.07408769583847453,0.7985033048645268
Study5,mean_threshold,Alexithymia,181,-0.07155958439277181,-0.9598627628098865,0.3384190320473883,-0.21517148255240925,0.07508183870536798,0.8011669822807236
Study5,slope_miss_dec,MAIA_BodyListen,172,-0.07330797284712812,-0.9583977379545178,0.33922326675552605,-0.22052338293189114,0.07717298656642207,0.8011669822807236
Study5,mean_arousal_overall,Alexithymia,181,-0.07108006425013016,-0.9533979581214588,0.34167415420795566,-0.2147117778999229,0.07556107602478343,0.8011669822807236
Study5,mean_threshold,MAIA_AttentionReg,181,0.06976487725755255,0.9356702388557483,0.35070359088608605,-0.07687513970067693,0.21345061241795565,0.8091187938764679
Study5,slope_hit_overall,MSES_selfdoubt,181,0.06971993488075165,0.9350645370087737,0.35101477087287947,-0.0769200346918472,0.2134075075926619,0.8091187938764679
Study5,slope_miss_acc,MAIA_EmoAware,170,0.07032688006278456,0.9138031244570481,0.3621298957897896,-0.08104525206542339,0.21852797038899,0.8277254760909476
Study5,arousal_salience_diff,PHQ4_Depression,181,-0.0676160337981053,-0.9067159718267399,0.36577597324226874,-0.21138900208646338,0.07902105221445581,0.8280804010889147
Study5,thresh_salience_diff,Alexithymia,181,-0.06725123100846472,-0.9018017616509311,0.36837400195499514,-0.21103888153327519,0.07938522253601081,0.8280804010889147
Study5,slope_miss_dec,PHQ4_Anxiety,172,0.06516392964475567,0.851443374980989,0.3957208829025429,-0.08530225107818772,0.21272412470364374,0.8822629520450137
Study5,conf_acc_r,Alexithymia,181,0.06237577869977114,0.8361592657981711,0.4041801170594628,-0.08424846798813582,0.20635610756309997,0.8898808499119875
Study5,slope_hit_dec,Alexithymia,181,-0.062177199084193384,-0.8334869202029197,0.4056809756951708,-0.20616523594340416,0.0844464024724499,0.8898808499119875
Study5,mean_threshold,MAIA_SelfReg,181,0.061724228930118724,0.827391535978064,0.4091168402183616,-0.08489785775212616,0.20572980711079025,0.8902382443151549
Study5,thresh_direction_diff,SPANE_Pos,181,0.06081236260227437,0.8151225766581395,0.4160853694577161,-0.08580649197363366,0.20485307994845497,0.8982160356547523
Study5,mean_Confidence,MAIA_NotDistracting,181,-0.059005086828130125,-0.7908121047196629,0.43010016824576314,-0.20311476505423653,0.0876066414267569,0.9211594154554927
Study5,Awareness,SPANE_Neg,181,-0.058536806128380525,-0.7845143349971371,0.43377536482743906,-0.20266420448202663,0.0880729194892043,0.921772650258308
Study5,Awareness,PHQ4_Depression,181,-0.056986199953490156,-0.763664373560712,0.4460726581603929,-0.2011718388149618,0.08961643591578834,0.9294617953781013
Study5,miss_rate,MAIA_Noticing,181,0.0564812061441808,0.7568752647463354,0.4501196726784057,-0.09011896880111754,0.20068566795616982,0.9294617953781013
Study5,thresh_direction_diff,MSES_selfdoubt,181,-0.056386857578436644,-0.7556069126212139,0.4508780616234537,-0.20059482822797173,0.09021284931394316,0.9294617953781013
Study5,slope_hit_acc,BIPS_total,181,0.0562964317586792,0.754391314041932,0.4516055915793944,-0.090302824096063,0.20050776303093712,0.9294617953781013
Study5,conf_acc_r,MAIA_NotDistracting,181,0.05441553727235469,0.7291105373611395,0.46688696547367925,-0.09217379438714973,0.19869625427004098,0.9294617953781013
Study5,slope_hit_acc,BARQ_total,181,0.054386166378142524,0.7287158307015733,0.4671278238743489,-0.09220300210578172,0.19866795904113677,0.9294617953781013
Study5,arousal_conf_r,PHQ4_Anxiety,173,-0.055587399680753796,-0.7280252275101676,0.46759386435875805,-0.20310318023248022,0.09439573387613308,0.9294617953781013
Study5,miss_rate,MAIA_total,181,0.05428746516591872,0.7273894285353466,0.4679377315667941,-0.09230115311651821,0.1985728708516916,0.9294617953781013
Study5,thresh_salience_diff,PHQ4_Anxiety,181,-0.054261851221672645,-0.7270452175041952,0.4681480366426466,-0.19854819407879232,0.09232662381248122,0.9294617953781013
Study5,mean_arousal_overall,BIPS_total,181,-0.05264778697287954,-0.7053576130881994,0.48150459105035903,-0.1969928166778097,0.09393127443112506,0.940015724405592
Study5,mean_threshold,MAIA_NotWorrying,181,-0.052645325712072075,-0.7053245462832679,0.4815251140499497,-0.19699044435267846,0.09393372075583545,0.940015724405592
Study5,slope_miss_acc,Alexithymia,170,-0.05399561079823682,-0.7008855757295795,0.4843440476069777,-0.2028611879248204,0.09730948610773103,0.940015724405592
Study5,slope_miss_overall,Alexithymia,180,-0.052102423775087434,-0.696078486118926,0.4872875630190753,-0.19686549313115198,0.09488397295429353,0.940015724405592
Study5,arousal_salience_diff,SPANE_Pos,181,0.05115726377136368,0.6853349127637612,0.49401916729614814,-0.09541242846614001,0.19555584281938898,0.9462902359475514
Study5,arousal_conf_r,MAIA_EmoAware,173,0.051226058201827476,0.6707482693322692,0.5032858455025194,-0.098728767923934,0.19890607887636638,0.9572989508859111
Study5,slope_miss_dec,MAIA_NotWorrying,172,-0.04974012672411006,-0.6493356592451822,0.5169977786346817,-0.19790159618363995,0.10064336359084619,0.9574311391542774
Study5,slope_hit_dec,BIPS_total,181,0.04794601150182567,0.6422125050129248,0.5215568539319135,-0.09860129155409005,0.19245785135417517,0.9574311391542774
Study5,conf_acc_r,SPANE_Pos,181,-0.0478660484718319,-0.6411389791122355,0.5222524224002072,-0.19238067184311428,0.09868065868703939,0.9574311391542774
Study5,arousal_salience_diff,MAIA_BodyListen,181,0.047833534870494486,0.6407024785125633,0.5225353811868778,-0.09871292945876929,0.19234928953135183,0.9574311391542774
Study5,slope_miss_overall,MAIA_total,180,-0.047856090348171704,-0.6392122640993552,0.5235065875679658,-0.19277009558410135,0.09910089228501048,0.9574311391542774
Study5,slope_hit_acc,MAIA_NotDistracting,181,0.047595635988417845,0.6375087077845144,0.5246081370598129,-0.09894904220187424,0.192119659191649,0.9574311391542774
Study5,Awareness,MSES_selfdoubt,181,-0.046457111745632385,-0.6222256197444772,0.5345853047184059,-0.19102048697092466,0.1000787900286014,0.9574311391542774
Study5,arousal_conf_r,SPANE_Pos,173,-0.046650042151839814,-0.6106933237535075,0.5422134692600377,-0.19449655565965607,0.10326897838857584,0.9574311391542774
Study5,Awareness,SPANE_Pos,181,0.045297223303101875,0.606658245926285,0.5448463933489203,-0.10122934895591428,0.18990031604540958,0.9574311391542774
Study5,slope_miss_acc,MAIA_NotDistracting,170,-0.046745743152162296,-0.6065571562611256,0.5449636136526896,-0.19588179045899498,0.10450378721175689,0.9574311391542774
Study5,miss_rate,MAIA_BodyListen,181,0.04495886408080445,0.6021174437704472,0.5478578973145458,-0.10156491276825463,0.1895734721547773,0.9574311391542774
Study5,conf_acc_r,PHQ4_Depression,181,-0.04457712763162457,-0.5969947656842876,0.551265237733121,-0.18920468880865507,0.10194345541608679,0.9574311391542774
Study5,Awareness,MAIA_NotDistracting,181,-0.04390507236484975,-0.5879768155557642,0.5572889242288687,-0.18855533860239315,0.10260978483324458,0.9574311391542774
Study5,slope_hit_acc,MAIA_total,181,-0.04348291290447602,-0.5823124933466612,0.5610889554036452,-0.18814737690422617,0.10302828030462469,0.9574311391542774
Study5,slope_miss_dec,BARQ_total,172,0.0445141005382813,0.5809687442872372,0.5620309398164047,-0.10582520274121279,0.19286388314592887,0.9574311391542774
Study5,slope_miss_overall,MSES_selfdoubt,180,-0.042955223831356325,-0.5736236216739957,0.5669465734453993,-0.18803714599782367,0.10396125817635085,0.9574311391542774
Study5,arousal_salience_diff,BARQ_total,181,0.04213917693302737,0.5642849891092477,0.5732665686160017,-0.10436000855478646,0.18684850006858672,0.9574311391542774
Study5,thresh_direction_diff,PHQ4_Anxiety,181,0.0419400022161023,0.5616131330639429,0.5750821123832928,-0.10455735873586987,0.18665593151522983,0.9574311391542774
Study5,slope_hit_dec,MAIA_Noticing,181,0.04171316084528613,0.5585702206454626,0.5771531241704022,-0.10478210807925285,0.1864366004012585,0.9574311391542774
Study5,mean_arousal_overall,MAIA_Noticing,181,0.041361264892803326,0.5538499627961705,0.5803727336257072,-0.10513072908846724,0.18609632645969473,0.9574311391542774
Study5,conf_acc_r,BIPS_total,181,0.04118723775353857,0.5515156759800315,0.5819680415440944,-0.10530312332718846,0.1859280340550824,0.9574311391542774
Study5,thresh_salience_diff,BARQ_total,181,0.04101912350372421,0.5492607485637601,0.5835110724769681,-0.10546965179636085,0.1857654516269963,0.9574311391542774
Study5,slope_miss_dec,BIPS_total,172,0.04200334331275692,0.5481403437197774,0.5843145922779781,-0.10831183071288833,0.19044081339819188,0.9574311391542774
Study5,mean_Confidence,BARQ_total,181,-0.04028911756224437,-0.5394696706740338,0.5902332319984219,-0.1850593746858384,0.10619267648308768,0.9576618529731287
Study5,arousal_salience_diff,MAIA_SelfReg,181,0.040152299464124346,0.537634718456135,0.5914970268363442,-0.10632816891693891,0.18492702473968253,0.9576618529731287
Study5,mean_arousal_overall,MSES_selfdoubt,181,-0.03966518904208038,-0.5311020241863406,0.596006463278785,-0.18445577954434586,0.10681051545073084,0.959253005987157
Study5,slope_miss_overall,PHQ4_Anxiety,180,-0.03904410102138578,-0.5213107850465977,0.6027982723808268,-0.1842551882515648,0.1078350315882495,0.962396519053323
Study5,slope_miss_overall,PHQ4_Depression,180,-0.03862500072646868,-0.5157066167025971,0.6066992805409424,-0.18384967353852286,0.10824986527366272,0.962396519053323
Study5,mean_threshold,MAIA_Trusting,181,0.036465881452662,0.4882049486086452,0.6260021847369215,-0.10997682162228736,0.18135901825670422,0.962396519053323
Study5,mean_threshold,PHQ4_Anxiety,181,-0.036293897303962666,-0.48589938191357457,0.627632779397717,-0.18119246522869267,0.1101469475817042,0.962396519053323
Study5,arousal_conf_r,MAIA_NotWorrying,173,0.03700833768893633,0.4842785638867116,0.6288078609618709,-0.11281483471801974,0.18518605255442722,0.962396519053323
Study5,miss_rate,BARQ_total,181,-0.034395365784987475,-0.4604510780396184,0.6457513552872969,-0.17935333532357475,0.11202439654249906,0.962396519053323
Study5,slope_hit_dec,MAIA_AttentionReg,181,0.03431369696608436,0.4593564864715405,0.6465355558172218,-0.11210513501285434,0.17927419903776934,0.962396519053323
Study5,Awareness,PHQ4_Anxiety,181,-0.03356199911658115,-0.44928205371269464,0.6537717086576436,-0.17854572307590671,0.11284817895419842,0.962396519053323
Study5,arousal_conf_r,Alexithymia,173,-0.03401827444367294,-0.44510428306210104,0.65680731507943,-0.18229328650874607,0.11576956605707192,0.962396519053323
Study5,slope_hit_dec,MAIA_EmoAware,181,0.0329895476858644,0.4416104368572659,0.6593041393126446,-0.113413930230592,0.17799084951492636,0.962396519053323
Study5,mean_threshold,SPANE_Pos,181,-0.03291459313211195,-0.4406059776967729,0.6600299127516643,-0.17791818971097786,0.11348800046351555,0.962396519053323
Study5,thresh_salience_diff,MAIA_EmoAware,181,0.03286842839247475,0.4399873319224089,0.660477076792229,-0.11353361973742557,0.1778734375279713,0.962396519053323
Study5,thresh_direction_diff,MAIA_NotWorrying,181,0.032433884727576724,0.4341642242591027,0.664692057131903,-0.11396299874169699,0.17745216070803452,0.962396519053323
Study5,slope_hit_dec,SPANE_Neg,181,-0.03215859263953,-0.4304752970265565,0.6673677918617599,-0.17718524592798227,0.11423499061776814,0.962396519053323
Study5,thresh_direction_diff,BIPS_total,181,0.03182672571777232,0.4260283946000008,0.670598993844074,-0.11456284993344851,0.17686344955755975,0.962396519053323
Study5,slope_hit_overall,SPANE_Neg,181,0.03177807288963511,0.42537647535357337,0.6710732090760887,-0.11461091255266835,0.17681627050046758,0.962396519053323
Study5,thresh_direction_diff,PHQ4_Depression,181,0.031398546018232276,0.42029114230852904,0.6747768741262711,-0.11498581184930438,0.1764482172177842,0.962396519053323
Study5,Awareness,BIPS_total,181,0.030719612414093565,0.41119446953044086,0.6814218160976353,-0.11565636320460555,0.17578970746079106,0.962396519053323
Study5,thresh_salience_diff,SPANE_Pos,181,-0.030492778913943294,-0.4081553748560567,0.6836474133524495,-0.17556966868411736,0.11588036644347614,0.962396519053323
Study5,slope_hit_overall,PHQ4_Anxiety,181,0.02989854788898353,0.4001942195044953,0.689490659239068,-0.11646711250737726,0.1749931689227507,0.962396519053323
Study5,slope_miss_dec,MAIA_NotDistracting,172,0.03041534297630674,0.39675111249034345,0.6920486159340107,-0.11976414383074181,0.1792340346090036,0.962396519053323
Study5,slope_hit_acc,Alexithymia,181,-0.029528998536447106,-0.39524343086121955,0.6931338547164958,-0.17463459637277176,0.11683195548256504,0.962396519053323
Study5,slope_hit_overall,BIPS_total,181,0.029469462165326425,0.3944458476385492,0.6937214542545214,-0.11689072993666151,0.17457682482311013,0.962396519053323
Study5,slope_hit_acc,PHQ4_Depression,181,0.02935837086589941,0.3929576163866903,0.6948183679403385,-0.1170003968034708,0.17446902390335267,0.962396519053323
Study5,miss_rate,MAIA_NotWorrying,181,-0.028769015101215423,-0.38506257202666927,0.7006482109741611,-0.17389706590483486,0.1175821360522315,0.962396519053323
Study5,slope_hit_overall,Alexithymia,181,0.028644550835291917,0.38339529310620263,0.7018816510729443,-0.11770497896419585,0.173776263296783,0.962396519053323
Study5,arousal_conf_r,PHQ4_Depression,173,0.02861792571269457,0.3743812763185795,0.7085845141594054,-0.12109939268779304,0.17706215346216903,0.962396519053323
Study5,slope_miss_dec,MAIA_EmoAware,172,-0.02864908598766942,-0.3736917695568351,0.7090992689058466,-0.17752248511513805,0.12150621608495121,0.962396519053323
Study5,miss_rate,MAIA_SelfReg,181,0.026818719761704073,0.3589391216121801,0.7200636556001359,-0.11950651091944726,0.17200364484554898,0.962396519053323
Study5,slope_hit_acc,MAIA_BodyListen,181,0.026789263776448333,0.35854460229897506,0.720358307894893,-0.11953556699319426,0.1719750396266377,0.962396519053323
Study5,slope_miss_overall,MAIA_SelfReg,180,-0.026251610591545457,-0.35036091555837817,0.7264821080225743,-0.17185506466579917,0.12047428518120488,0.962396519053323
Study5,slope_hit_acc,SPANE_Pos,181,-0.02602515342743729,-0.3483107990217761,0.7280160860631317,-0.17123291322986742,0.12028921576198033,0.962396519053323
Study5,slope_hit_dec,MAIA_total,181,0.025554176519684002,0.3420032655472494,0.732749637305095,-0.12075366043869598,0.17077540453634374,0.962396519053323
Study5,arousal_conf_r,MAIA_BodyListen,173,0.026121636353585633,0.3417013174278277,0.7329952326436255,-0.12356016946215918,0.17464124550623925,0.962396519053323
Study5,arousal_conf_r,SPANE_Neg,173,-0.02600287826304156,-0.34014677027900136,0.7341634702131101,-0.17452602883664342,0.12367719222833398,0.962396519053323
Study5,arousal_salience_diff,PHQ4_Anxiety,181,-0.025334621528065402,-0.3390629650000127,0.7349597357253255,-0.1705621066111839,0.12097014841688832,0.962396519053323
Study5,slope_miss_overall,SPANE_Neg,180,-0.025388408799617665,-0.3388328398921121,0.7351350340548479,-0.1710166736685145,0.12132543718328359,0.962396519053323
Study5,thresh_salience_diff,MAIA_SelfReg,181,-0.024248574106587012,-0.32451923233616076,0.7459238888234645,-0.16950681008438528,0.1220408199426796,0.962396519053323
Study5,slope_miss_acc,MAIA_total,170,0.02492032262114886,0.32310464126066635,0.7470178016315902,-0.12606678883151132,0.17477900250926964,0.962396519053323
Study5,slope_miss_acc,MSES_selfdoubt,170,0.024568266793352556,0.3185372820143391,0.7504730745643614,-0.12641344634926044,0.17443747105974874,0.962396519053323
Study5,mean_threshold,MSES_selfdoubt,181,-0.023383527998525697,-0.3129358492882805,0.7546937032462039,-0.16866601893509828,0.12289337549569515,0.962396519053323
Study5,slope_hit_acc,MAIA_SelfReg,181,0.023217834820160196,0.3107172190710903,0.7563771201158405,-0.12305665156643762,0.16850494748418604,0.962396519053323
Study5,arousal_salience_diff,MAIA_total,181,-0.022991711671882926,-0.30768947338470304,0.7586763458414207,-0.1682851191335171,0.12327946328646686,0.962396519053323
Study5,mean_threshold,MAIA_Noticing,181,0.022429853211295436,0.3001664996649214,0.7643984649270881,-0.12383302985144486,0.1677388390687305,0.962396519053323
Study5,conf_acc_r,SPANE_Neg,181,-0.022226589818349757,-0.2974449858366061,0.7664717189438786,-0.1675411894843228,0.12403327106551386,0.962396519053323
Study5,thresh_salience_diff,MAIA_NotWorrying,181,0.02167646841405217,0.290079539654577,0.7720911523110917,-0.1245751533644917,0.16700620295352425,0.962396519053323
Study5,slope_miss_acc,MAIA_Trusting,170,0.022099554374603248,0.2865129365190092,0.7748383123930613,-0.12884326882768066,0.17204154505275243,0.962396519053323
Study5,slope_hit_acc,MAIA_Noticing,181,-0.021360264774237026,-0.28584608317810983,0.7753265338084593,-0.166698659934353,0.1248865817784214,0.962396519053323
Study5,slope_hit_dec,PHQ4_Anxiety,181,0.021336275577673838,0.2855249100660788,0.7755721488756713,-0.12491020752029797,0.1666753266327903,0.962396519053323
Study5,slope_hit_dec,MAIA_NotWorrying,181,-0.0207892602508023,-0.2782014705907948,0.7811787997401456,-0.1661432232185647,0.12544889014170982,0.962396519053323
Study5,slope_miss_overall,MAIA_NotWorrying,180,-0.02078102204291247,-0.27731330046786395,0.781861345069443,-0.16653814611349577,0.12586486132374736,0.962396519053323
Study5,slope_miss_dec,SPANE_Neg,172,0.021252808625126792,0.27716532455902665,0.7819899012423299,-0.1287911852488352,0.17034550246586141,0.962396519053323
Study5,slope_miss_acc,PHQ4_Depression,170,0.020737139788631773,0.26884186270349947,0.788381241974863,-0.13018344545689545,0.17071853920215097,0.962396519053323
Study5,thresh_salience_diff,MSES_selfdoubt,181,-0.019719727736613964,-0.2638832887121977,0.7921734040630929,-0.1651026020953616,0.1265018813703712,0.962396519053323
Study5,arousal_salience_diff,MAIA_EmoAware,181,0.0196820157865051,0.2633784433212442,0.7925618392203837,-0.12653900405758278,0.16506590365832785,0.962396519053323
Study5,arousal_salience_diff,MAIA_Noticing,181,-0.01896375423033591,-0.25376337349676287,0.7999696140479076,-0.16436686860783148,0.12724596433889646,0.9670743778712483
Study5,slope_hit_dec,MAIA_SelfReg,181,0.017981641299402242,0.24061686781559052,0.8101274385832936,-0.12821238412870492,0.16341080854930054,0.9698366158213383
Study5,mean_Confidence,SPANE_Neg,181,-0.01782549559455265,-0.23852677580859163,0.8117453998802765,-0.16325877980845235,0.128366009211747,0.9698366158213383
Study5,thresh_salience_diff,MAIA_AttentionReg,181,0.01751982897903668,0.23443531852950525,0.8149149798994788,-0.12866672121717757,0.16296115245508752,0.9698366158213383
Study5,arousal_salience_diff,MAIA_AttentionReg,181,0.017262470224112696,0.23099053032311928,0.8175859698045,-0.12891988754897324,0.16271054190203255,0.9698366158213383
Study5,slope_miss_acc,BIPS_total,170,-0.01732788191531527,-0.2246287446304193,0.8225410746892422,-0.16740552481449608,0.13353464097999837,0.9698366158213383
Study5,slope_miss_acc,MAIA_Noticing,170,0.0172179991976071,0.22320386419524355,0.8236480082894453,-0.1336425949481872,0.16729868767678663,0.9698366158213383
Study5,slope_miss_acc,MAIA_AttentionReg,170,0.016445694579709437,0.21318939599698708,0.8314377230360973,-0.13440124245855065,0.16654768929035643,0.9739974151824222
Study5,mean_threshold,BARQ_total,181,-0.015652321387179705,-0.2094394451490665,0.8343433740349425,-0.16114218664884794,0.13050337432298562,0.9739974151824222
Study5,slope_miss_acc,BARQ_total,170,0.015149145929780576,0.19637790847287148,0.8445517354256347,-0.13567446599003044,0.16528651793928964,0.9784491404298497
Study5,slope_miss_acc,MAIA_BodyListen,170,0.014870773779517066,0.1927685732907068,0.8473730522323808,-0.13594776523479407,0.16501567733747968,0.9784491404298497
Study5,conf_acc_r,BARQ_total,181,0.01425483603744515,0.19073608785951948,0.8489485189023696,-0.13187711488974044,0.15978037900877157,0.9784491404298497
Study5,slope_hit_acc,PHQ4_Anxiety,181,0.0133017614895983,0.1779811860686311,0.8589390095826427,-0.13281367384179613,0.15885131859145488,0.9827671204101989
Study5,miss_rate,Alexithymia,181,0.012895901660068959,0.17254975369392336,0.8632002923146417,-0.13321242142470485,0.15845560673212733,0.9827671204101989
Study5,conf_acc_r,MSES_selfdoubt,181,-0.01228188126939821,-0.16433276710043868,0.869654604450847,-0.15785685018490558,0.13381559188361167,0.9827671204101989
Study5,conf_acc_r,PHQ4_Anxiety,181,-0.011859353969372394,-0.15867850128384503,0.8741010589408784,-0.15744476424378878,0.1342305901332851,0.9827671204101989
Study5,mean_Confidence,PHQ4_Anxiety,181,0.011594850465589765,0.1551389554184937,0.8768865713126224,-0.1344903543489836,0.15718677125869557,0.9827671204101989
Study5,slope_hit_dec,MSES_selfdoubt,181,0.011505471445403596,0.15394290629394727,0.8778281741743462,-0.13457812736645677,0.15709958773132418,0.9827671204101989
Study5,arousal_salience_diff,Alexithymia,181,0.011490415706734298,0.1537414342875709,0.8779868024252879,-0.13459291235119958,0.1570849015962255,0.9827671204101989
Study5,thresh_salience_diff,SPANE_Neg,181,0.010949079869235729,0.14649748633888793,0.8836935316875142,-0.13512446989926832,0.15655681223612558,0.9851009861434583
Study5,slope_miss_overall,MAIA_EmoAware,180,-0.0102995460312652,-0.13742037217655226,0.8908538479925254,-0.15632736430310176,0.13616890200245854,0.9886804325011017
Study5,slope_hit_overall,MAIA_NotWorrying,181,-0.009889343279111276,-0.13231686597240222,0.8948822847405373,-0.15552276630421644,0.13616482083311218,0.9886804325011017
Study5,miss_rate,MAIA_AttentionReg,181,-0.009612467129728165,-0.1286119871467105,0.8978090692197505,-0.15525254972713232,0.13643657904911072,0.9886804325011017
Study5,thresh_salience_diff,BIPS_total,181,0.008961698212929912,0.11990416542686443,0.9046935362644893,-0.13707523225248458,0.15461734762845497,0.9919155043727604
Study5,slope_hit_acc,MAIA_EmoAware,181,-0.008645584122528374,-0.11567435535793708,0.9080402962824167,-0.15430875173430889,0.13738541727157907,0.9919155043727604
Study5,slope_hit_acc,MAIA_AttentionReg,181,-0.006782637982648187,-0.09074759893733088,0.9277946160306189,-0.15248953491365147,0.1392128402096703,0.9962431358547761
Study5,slope_miss_overall,MAIA_BodyListen,180,0.006742410390788505,0.08995701916706195,0.9284225115086158,-0.1396586333555919,0.15285498676782472,0.9962431358547761
Study5,slope_miss_acc,MAIA_NotWorrying,170,0.006720401115478141,0.08710832113063174,0.93068914934245,-0.1439394480684751,0.1570757685471028,0.9962431358547761
Study5,thresh_salience_diff,MAIA_total,181,0.006049136450770222,0.0809334106416185,0.9355853285584265,-0.13993208239025187,0.1517729799884159,0.9962431358547761
Study5,arousal_conf_r,MAIA_total,173,-0.0056387982208920325,-0.07373802712180276,0.9413050242798497,-0.15470888808997552,0.14368233119266074,0.9962431358547761
Study5,Awareness,BARQ_total,181,0.00549319803314544,0.07349508964100257,0.9414942140282655,-0.14047711069564647,0.15122978375017945,0.9962431358547761
Study5,thresh_salience_diff,MAIA_Trusting,181,-0.00517655383398727,-0.06925849806739227,0.9448611691543096,-0.1509203577295799,0.14078750131525844,0.9962431358547761
Study5,mean_Confidence,PHQ4_Depression,181,0.005052419395512766,0.0675976273010244,0.946181390839759,-0.14090917632590663,0.1507990452500077,0.9962431358547761
Study5,slope_miss_acc,SPANE_Pos,170,0.004762858869424692,0.061734406852773954,0.9508477226027207,-0.14585595418374206,0.15516587595271505,0.9962431358547761
Study5,slope_hit_acc,MSES_selfdoubt,181,0.004039878903831202,0.0540503370804787,0.9569553366695271,-0.14190149109973801,0.14980935896958647,0.9962431358547761
Study5,miss_rate,PHQ4_Anxiety,181,0.003697862029265949,0.049474360355925354,0.9605964305560863,-0.1422366098532612,0.14947499579949583,0.9962431358547761
Study5,slope_hit_dec,BARQ_total,181,-0.003409512319159415,-0.0456164310426523,0.9636668230052241,-0.149193072916266,0.14251911786246088,0.9962431358547761
Study5,mean_threshold,BIPS_total,181,-0.0027917057132902123,-0.03735062240418753,0.9702470646579762,-0.14858895637072972,0.14312432823882443,0.9962431358547761
Study5,slope_miss_acc,SPANE_Neg,170,0.002789934275958202,0.03616182195343285,0.9711962594979876,-0.1477863770072707,0.1532398371650404,0.9962431358547761
Study5,Awareness,Alexithymia,181,0.002692366806395746,0.03602154341994677,0.9713053197908577,-0.1432216315785156,0.14849180857141134,0.9962431358547761
Study5,slope_hit_dec,MAIA_BodyListen,181,-0.002361556614188962,-0.031595562240231016,0.9748297841719301,-0.14816827473356506,0.14354564275664647,0.9962431358547761
Study5,thresh_salience_diff,MAIA_Noticing,181,-0.002238607972091634,-0.029950608461693333,0.9761398115596419,-0.1480480224596222,0.14366605651017827,0.9962431358547761
Study5,arousal_salience_diff,MAIA_Trusting,181,-0.001954096599549331,-0.026144080594582925,0.9791715413040134,-0.14776973412983005,0.14394468541625624,0.9962431358547761
Study5,arousal_conf_r,BARQ_total,173,0.0014580255083976995,0.01906617781044733,0.9848105410346599,-0.14777436901605026,0.15062550679004955,0.9962431358547761
Study5,arousal_conf_r,MAIA_SelfReg,173,9.914557597894282e-4,0.012964972763925718,0.9896708519428687,-0.14823071935349505,0.1501694898892561,0.9962431358547761
Study5,slope_miss_acc,MAIA_SelfReg,170,6.873948593174308e-4,0.008909657786268628,0.9929017868397003,-0.1498423603472599,0.15118600485148498,0.9962431358547761
Study5,slope_miss_overall,MAIA_Trusting,180,-5.982553595087439e-4,-0.007981723459496144,0.9936405121760599,-0.1468487226510199,0.14567780882646442,0.9962431358547761
Study5,arousal_conf_r,BIPS_total,173,-3.605984820997086e-4,-0.004715437334577522,0.9962431358547761,-0.14955280035273752,0.14884765774586095,0.9962431358547761
