id,miss_rate,n_trials,mean_arousal_overall,slope_hit_overall,slope_miss_overall,slope_hit_acc,slope_miss_acc,slope_hit_dec,slope_miss_dec,conf_acc_r,arousal_conf_r,arousal_salience_diff,MAIA_total,MAIA_Noticing,MAIA_NotDistracting,MAIA_NotWorrying,MAIA_AttentionReg,MAIA_EmoAware,MAIA_SelfReg,MAIA_BodyListen,MAIA_Trusting,study
1,0.3,10,30.5,0.13725490196077056,3.4615384615384714,-15.000000000000036,NA,10,NA,0.13852712896188304,0.5097502835266261,NA,147,4.5,3.8333333333333295,2,4.42857142857143,4.8,3.75,4,4.66666666666667,Study1A
10,0.2,10,14.6,-13.233993015133878,NA,27.499999999999993,NA,-9.999999999999973,NA,0.11826003249758148,-0.7225388039191133,NA,96,3.25,2.5,1.6,2.85714285714286,4,2.75,1.33333333333333,1.66666666666667,Study1A
100,0.2,10,31.5,3.771139560613241,NA,-220.0000000000002,NA,1.6666666666666208,NA,0.6509653480261968,0.6292733065313438,NA,120,3.5,1.83333333333333,2.2,4,3.6,3.5,3.6666666666666705,4.33333333333333,Study1A
101,0.4,10,15.3,-9.225806451612906,-6.375838926174498,-66.66666666666676,NA,NA,-90.00000000000021,-0.2580175457896908,0.006845196467105013,NA,108,2.5,3.6666666666666705,2.6,2.4285714285714306,4.6,1.75,1.66666666666667,3.6666666666666705,Study1A
102,0.2,10,7,-3.5235235235235245,NA,-3.3333333333333304,NA,-12.499999999999998,NA,0.13785516732495412,-0.38903659428238974,NA,101,4,3.16666666666667,2.2,3.14285714285714,3.6,0.75,1.33333333333333,2.66666666666667,Study1A
103,0.2,10,15,-2.099567099567105,NA,-35.00000000000001,NA,-9.999999999999991,NA,0,0.36616138081647764,NA,131,4.5,3,1.6,3.4285714285714306,5,2,5,5,Study1A
104,0.2,10,21.2,-2.026446848703423,NA,-199.99999999999997,NA,-130.00000000000017,NA,0.7768489914897252,0.009138719666498771,NA,103,5,1,3,3.14285714285714,2,2.25,3.6666666666666705,3.33333333333333,Study1A
105,0.2,10,32.6,-5.081988718352356,NA,-25.000000000000007,NA,94.54545454545456,NA,0.8653818262417059,-0.01319321359435944,NA,104,2.5,3.33333333333333,2.2,3.28571428571429,3,1.5,1.66666666666667,4.66666666666667,Study1A
106,0.1,10,17.3,-9.061823978139582,NA,NA,NA,14.230769230769232,NA,0.5206769630145521,-0.7509699618774025,NA,128,4,1.83333333333333,3,4,4.2,4,3,4,Study1A
107,0.2,10,7.6,1.7835497835497836,NA,80.00000000000023,NA,3.3333333333333326,NA,0.40154036232574075,-0.014996907206800011,NA,121,4,3.16666666666667,3,3.28571428571429,3.6,2.75,2.33333333333333,4,Study1A
108,0.4,10,25.4,-1.8361836183618454,6.693877551020405,NA,100.00000000000021,6.857142857142851,NA,0.7720488173262747,0.5175621680510587,NA,133,4,3,2.4,3.14285714285714,4.4,4.25,4.33333333333333,4.33333333333333,Study1A
109,0.3,10,26.3,-1.651917404129796,-2.3076923076923226,4.99999999999997,NA,-5.263157894736849,NA,0.2720608760984381,0.08841634645389901,NA,121,3,3.5,3.6,3.4285714285714306,3.2,3.5,2.33333333333333,3,Study1A
11,0.3,10,21.4,-1.8935734435985607,-2.419354838709667,-14.102564102564104,NA,15.445284258954985,NA,0.40517496575009504,0.8851818356521896,NA,112,3,2,1.8,4,4.2,3,2.33333333333333,3.6666666666666705,Study1A
110,0.2,10,20.3,-28.34996162701458,NA,20.00000000000015,NA,-171.6666666666667,NA,0.7452233132355442,-0.11697503631428033,NA,107,3.75,1.33333333333333,3.2,3.71428571428571,3.4,2.75,0.666666666666667,4,Study1A
111,0.1,10,32.1,-6.767208043310133,NA,-5.000000000000016,NA,83.3333333333333,NA,0.7304174834821295,0.574350649830025,NA,134,4.25,2.66666666666667,2,4,5,3.75,2.66666666666667,5,Study1A
112,0.3,10,23.6,-14.727168294083857,-21.967213114754102,34.99999999999999,NA,19.999999999999986,NA,0.6447730936691171,-0.10686700407256416,NA,113,3.75,2.5,2.4,3.4285714285714306,3.8,3,2,3.33333333333333,Study1A
113,0.2,10,27,-15.527708159287103,NA,-45,NA,-66.81818181818181,NA,0.4375379775804756,-0.2580660634813527,NA,109,3,3,3.6,2.4285714285714306,5,0.75,3.33333333333333,2,Study1A
114,0.2,10,19.1,-11.458863443596266,NA,190.76923076923072,NA,-67.27272727272727,NA,0.5310494029419515,-0.5097728991982966,NA,91,2.5,3.16666666666667,1.2,2,4.2,1.5,3.33333333333333,1.66666666666667,Study1A
115,0.3,10,24.1,-5.134274010013659,16.66666666666666,85.00000000000001,NA,53.33333333333321,NA,0.5308588184157569,0.005977696975440515,NA,135,3.75,2.16666666666667,3.8,3.85714285714286,4.2,4,4,4,Study1A
116,0.3,10,22,-8.260869565217396,-38.57142857142862,NA,-38.57142857142862,8.636363636363653,NA,0.5044296328024895,0.15572553071705225,NA,99,4,3.33333333333333,2,2.14285714285714,4.2,1.75,2,1.33333333333333,Study1A
117,0.1,10,30.8,8.408551068883607,NA,-63.6363636363637,NA,22.222222222222143,NA,0.9967321699648326,0.6323479474902757,NA,115,2.5,4,2.6,2.85714285714286,3.8,3,2.66666666666667,3,Study1A
118,0.1,10,33.2,-4.361233480176208,NA,-30.833333333333353,NA,28.000000000000036,NA,-0.6174846928379,-0.3064856269866547,NA,138,4.25,2.66666666666667,3,3.71428571428571,4.6,4.5,3,4.66666666666667,Study1A
119,0.2,10,28.6,-9.195832220144265,NA,-24.687499999999993,NA,5.000000000000031,NA,-0.04224095377771143,-0.008437650276384044,NA,138,4,3.5,1.8,4.28571428571429,4.8,3.5,4,4,Study1A
12,0.3,10,23.6,-13.922829581993572,-9.099526066350702,-7.1428571428571095,NA,-74.00000000000001,NA,0.5232086766110001,-0.18520909828283663,NA,145,3.25,3.8333333333333295,3.4,3.71428571428571,4.6,4,4,5,Study1A
120,0.4,10,27.1,-15.255681818181818,-4.072398190045249,-32.727272727272776,NA,NA,-18.421052631579055,0.7981889936190079,0.00617932693425166,NA,129,3.5,3.8333333333333295,3.6,3,4.6,2.25,4,3,Study1A
121,0.3,10,24.4,8.470195914964561,-13.333333333333332,78.18181818181816,NA,240.00000000000043,NA,0.5242580954473806,0.3240931098738339,NA,108,3,2.66666666666667,1.8,3.28571428571429,3.2,3.25,3.33333333333333,3,Study1A
122,0.3,10,26.4,-5.0505731625084405,1.4285714285714384,-5.000000000000067,NA,11.57894736842106,NA,-0.13840494942764944,-0.029420602960024682,NA,127,4,2,3.4,3.5714285714285694,3.8,3.5,3.6666666666666705,4.33333333333333,Study1A
123,0.2,10,23.1,-15.951300041271152,NA,-5.000000000000041,NA,23.33333333333331,NA,0.7402098775510954,-0.5601794158555998,NA,117,3.25,2.83333333333333,2,3.14285714285714,4.2,3,2.33333333333333,5,Study1A
124,0.2,10,21.9,-9.323185648273995,NA,-40.00000000000001,NA,10.83333333333337,NA,-0.34022878627424563,-0.4011340563481804,NA,103,2.75,3.8333333333333295,2.2,2.5714285714285694,3.4,2.25,2.33333333333333,2.33333333333333,Study1A
125,0.3,10,5.9,-9.583057577763068,-8.571428571428571,-7.5000000000000115,NA,-10.526315789473685,NA,0.4069784637782399,-0.061670145646234284,NA,96,3.5,3.6666666666666705,2.2,1.85714285714286,3.8,1.75,1.33333333333333,2,Study1A
126,0.3,10,19.5,3.30907326540514,55.000000000000156,NA,55.000000000000156,-5.714285714285789,NA,0.2746503075637747,0.19360349459047166,NA,106,3,3.16666666666667,3.2,3.14285714285714,2.2,2.25,2,3.6666666666666705,Study1A
127,0.2,10,29,-12.688577228760597,NA,-46.8421052631579,NA,17.557786598178847,NA,-0.22742941307367104,0.0829050331895482,NA,97,3.25,3.33333333333333,2.4,2.28571428571429,2.2,2.75,2.66666666666667,2,Study1A
128,0.2,10,19.8,-13.387096774193544,NA,-2.1052631578947194,NA,-88.14814814814801,NA,0.3352119050341078,-0.7289252318362153,NA,112,3.5,3,2.6,2.85714285714286,3.6,2,3.33333333333333,3.6666666666666705,Study1A
129,0.2,10,20.3,-17.77777777777778,NA,-61.818181818181735,NA,-29.714285714285683,NA,0.2492459804447287,-0.07099352809553956,NA,112,3.75,3.33333333333333,2.8,3.4285714285714306,3.4,2.75,1,2.66666666666667,Study1A
13,0.2,10,33,11.510503501167063,NA,-30.08130081300814,NA,87.89473684210529,NA,0.06674912392349772,0.6837275309426635,NA,139,4.25,1.33333333333333,3.8,4,5,4.25,3.33333333333333,5,Study1A
130,0.5,10,34.8,1.4613970588235277,-1.4117647058823528,NA,3.972054645195636e-15,-5.454545454545436,NA,-0.7557086549031783,0.9372970489891824,NA,145,3,3.16666666666667,4.2,4,4.4,4,4.33333333333333,4.66666666666667,Study1A
131,0.2,10,17.9,-6.502057613168723,NA,-31.48148148148147,NA,109.99999999999996,NA,0.39038188722650075,0.3204121481987237,NA,125,4.75,1.66666666666667,3.8,3.71428571428571,3.6,3.5,3.33333333333333,3,Study1A
132,0.4,10,32.7,-9.747989276139405,-5.817490494296581,NA,NA,-7.500000000000096,NA,0.7270813320450359,-0.34917356161073204,NA,124,4,3.33333333333333,3.4,3.5714285714285694,3.6,2.25,2.66666666666667,3.6666666666666705,Study1A
133,0.1,10,24.5,-28.54625550660793,NA,41.142857142857125,NA,-3.1818181818181657,NA,0.3220583512310895,-0.251501789448683,NA,73,3.5,1.33333333333333,3.6,1.85714285714286,2.2,1,1.33333333333333,0.333333333333333,Study1A
134,0.4,10,22.6,-9.11795961742826,-143.63636363636374,NA,-143.63636363636374,32.5,NA,0.10196016338174924,-0.4026551978073435,NA,104,3.25,3,3.2,2.28571428571429,2.6,2.75,1.66666666666667,4,Study1A
135,0,10,35.7,-6.667960034920942,NA,-46,NA,-189.9999999999997,NA,NA,-0.014513668864288572,NA,126,4,2.5,3.4,3.28571428571429,4.2,3.5,2.66666666666667,4,Study1A
136,0.2,10,7.8,-3.5722791140747816,NA,-75,NA,29.63855421686747,NA,0.3074436614052591,0.17297234666974817,NA,110,3.75,3,2.4,3.71428571428571,3.4,2,1,3.6666666666666705,Study1A
137,0.2,10,14.6,-34.83464566929135,NA,-23.333333333333368,NA,-31.875,NA,0.41338712775500785,-0.4087238883730534,NA,126,3.75,2,3.8,4,3.8,3.75,1,5,Study1A
138,0.1,10,25.2,-0.3505765035836713,NA,209.9999999999992,NA,-72.85714285714296,NA,-0.1111111111111111,0.009092412093166349,NA,99,5,3,1.4,3,4.2,1.25,0,2.33333333333333,Study1A
139,0.1,10,18.3,-6.875,NA,-53.333333333333336,NA,-41.249999999999986,NA,0.9682387684284746,0.1615840753358988,NA,108,4.25,1.33333333333333,3.6,4.14285714285714,3.6,1.25,2,2.33333333333333,Study1A
14,0.3,10,31.6,-5.535168195718649,29.999999999999964,-30.000000000000053,NA,NA,29.999999999999964,0.4382579067220036,0.39289362537803924,NA,96,4,3.16666666666667,2.8,3,1.6,2.25,0,3,Study1A
140,0.3,10,18.7,-7.971943887775556,-35,NA,-35,11.176470588235293,NA,0.2482702905390501,-0.6326815854801797,NA,123,4.5,2.5,1.8,4.42857142857143,4.6,2.75,2.66666666666667,2.66666666666667,Study1A
141,0.1,10,41,-14.393299344501095,NA,7.94410929039128e-14,NA,4.571428571428592,NA,0.9999999999999999,0.1673373601880206,NA,152,4.75,1.5,4.8,4.57142857142857,4.8,4,5,4.33333333333333,Study1A
142,0.2,10,11.5,-14.43835616438356,NA,-36.66666666666668,NA,3.9999999999999787,NA,-0.11756410166749272,0.7002982524262751,NA,105,3.5,3.5,3.6,3,2.6,2.25,1.66666666666667,1.33333333333333,Study1A
143,0.2,10,9.4,-22.203963401896758,NA,-47.43589743589744,NA,-96.92307692307689,NA,-0.08019110233050734,-0.09105177802000704,NA,90,5,4,1.6,2.28571428571429,3,0.25,0.666666666666667,1.33333333333333,Study1A
144,0.3,10,20.7,-12.098490221906978,-19.411764705882355,-11.428571428571635,NA,373.333333333333,NA,0.4565182882597661,0.2411897946730583,NA,110,4,4.66666666666667,1.4,2.14285714285714,4.4,2.5,1.66666666666667,2.33333333333333,Study1A
145,0.1,10,18.3,-12.450765864332608,NA,-206.66666666666595,NA,169.99999999999997,NA,-0.008638361934889071,0.2581478684964041,NA,97,3,2.5,2,3.14285714285714,3.4,2,2.66666666666667,1.66666666666667,Study1A
146,0.2,10,37.3,-18.431667292997613,NA,-13.333333333333352,NA,-163.15789473684214,NA,0.3199017200353671,-0.5353789438836176,NA,124,3.75,4.16666666666667,2,3.4285714285714306,4.2,2.75,3.33333333333333,2.66666666666667,Study1A
147,0.3,10,7.6,-8.600823045267488,-9.193548387096778,26.774193548387085,NA,15.000000000000034,NA,0.6174079509642627,-0.0881649341925972,NA,110,3.5,3.8333333333333295,2,2.5714285714285694,4,1.25,2.33333333333333,4.33333333333333,Study1A
148,0.1,10,24.5,-22.41547365214742,NA,6.66666666666668,NA,2.8125000000000124,NA,0.3305898024536431,-0.3188157006244988,NA,96,3.5,1.66666666666667,2.6,2.28571428571429,2.8,0.75,3.6666666666666705,5,Study1A
149,0.2,10,18.1,-3.533531780773947,NA,100.00000000000004,NA,10.2857142857143,NA,-0.2614277075051973,0.8240130289772531,NA,118,4,2,3.6,3.85714285714286,3.6,2.75,1.66666666666667,3.6666666666666705,Study1A
15,0.1,10,20.3,-9.929029616486966,NA,5.555555555555573,NA,-22.857142857142833,NA,0.025641025641025644,-0.41078993877056486,NA,125,3.75,3,2.2,3.5714285714285694,4.6,3,3.6666666666666705,3.33333333333333,Study1A
150,0.3,10,21,-6.859999999999998,-41.61290322580647,NA,-41.61290322580647,-36.42857142857138,NA,0.2948437843706635,-0.5619991848634178,NA,140,3,3,3.6,4.42857142857143,5,3.5,4,3.33333333333333,Study1A
151,0.2,10,26.2,-12.543859649122792,NA,-6.064414069426652e-14,NA,37.49999999999999,NA,0.42846746693867177,-0.4570716161386382,NA,113,2.75,2.66666666666667,2.8,3.28571428571429,3.4,4,1.66666666666667,3.6666666666666705,Study1A
152,0.2,10,31.6,-5.100563153660497,NA,-13.333333333333345,NA,20.000000000000025,NA,0.6309898162000305,0.0021519264221764754,NA,128,3.75,2,3.2,4,4.2,3.75,3.33333333333333,3.6666666666666705,Study1A
153,0.1,10,23.3,-10.064148253741976,NA,-133.33333333333334,NA,6.842105263157889,NA,0.40519451372939047,0.17069886733541023,NA,130,3.5,2.16666666666667,4.2,3.5714285714285694,4.2,3.5,2.66666666666667,4.66666666666667,Study1A
154,0.6,10,25.9,-15.999999999999986,-3.019857624578494,NA,-9.999999999999947,-15.999999999999986,NA,0.16842825367989092,0.1672298472254845,NA,113,3,3.33333333333333,2.6,2.85714285714286,3.8,3,3,2.66666666666667,Study1A
155,0.2,10,28.3,-9.624821065947609,NA,18.333333333333364,NA,13.333333333333545,NA,-0.44869935904640224,-0.01491262417035237,NA,110,3.75,2.66666666666667,3.4,2.14285714285714,4,3.5,2,2.33333333333333,Study1A
156,0.2,10,19.3,-23.043478260869566,NA,-5.000000000000006,NA,-31.000000000000018,NA,-0.05348281873006976,-0.5023130887388771,NA,81,1.75,1.66666666666667,1.8,2.5714285714285694,2.6,1,1.66666666666667,5,Study1A
157,0.2,10,9.6,-10.109452736318405,NA,-30.000000000000007,NA,19.999999999999993,NA,0.3717676949430791,0.493166579115462,NA,133,3.25,4.83333333333333,3,3,4.6,3.75,1.33333333333333,4.33333333333333,Study1A
158,0.2,10,20.3,-16.276139165373024,NA,-47.49999999999999,NA,-58.33333333333328,NA,0.6606564478976652,-0.1820844339198867,NA,107,4.25,2.16666666666667,3.2,2.4285714285714306,4,2.5,1.66666666666667,3,Study1A
159,0.2,10,31.9,-7.009803921568631,NA,-15.00000000000003,NA,16.538461538461565,NA,0.6481982631833103,0.45378889826589425,NA,115,3.25,2.33333333333333,3.6,2.71428571428571,4,4.25,1.33333333333333,3.33333333333333,Study1A
16,0.3,10,26.2,-11.31399317406145,-15.384615384615408,-26.428571428571427,NA,-44.73684210526314,NA,0.14889810877427323,-0.389229263771959,NA,86,2,3.5,3,2.28571428571429,2,2,0,2.66666666666667,Study1A
160,0.2,10,34,-7.227958697378873,NA,-51.25000000000002,NA,-96.6666666666666,NA,-0.18857450736402895,0.39026172388459057,NA,115,3.75,2,2.8,3.14285714285714,3,4,4,3,Study1A
161,0.5,10,27,9.118911174785095,-2.833698030634573,NA,-45.714285714285694,51.85185185185207,NA,-0.09649345555330813,-0.0769018741466033,NA,125,2.75,3.33333333333333,3.2,3.14285714285714,3.2,3.25,4.33333333333333,4.66666666666667,Study1A
162,0.2,10,23.5,-9.999999999999996,NA,34.99999999999982,NA,-43.5714285714286,NA,0.894764382214604,-0.2547560251092266,NA,115,3.5,2,3.2,3.71428571428571,3,3.75,1.66666666666667,4,Study1A
163,0.2,10,23.3,-7.433784579164218,NA,-59.999999999999964,NA,133.33333333333348,NA,0.754376860833188,-0.20595893313881247,NA,108,3.75,2.33333333333333,2.6,3.71428571428571,2.8,3.5,2.66666666666667,1.33333333333333,Study1A
164,0.2,10,29.3,-2.870529082390578,NA,45.00000000000003,NA,-7.428571428571411,NA,0.946574488692116,0.1882710863936822,NA,118,3.25,2.83333333333333,4,3.28571428571429,4,2.25,1.66666666666667,3.6666666666666705,Study1A
165,0.2,10,25.7,-16.31834560551465,NA,-50.526315789473735,NA,-10.769230769230768,NA,0.21504133222818816,-0.2811128728805911,NA,108,2.5,3.5,2.8,3,2.8,2.5,2,4,Study1A
166,0.4,10,22,-14.691689008042896,-10.775510204081634,NA,-60.00000000000011,25.263157894736878,NA,0.8523699382213527,-0.09764514141946706,NA,118,3.75,2.66666666666667,1.6,3.85714285714286,5,1.5,2,5,Study1A
167,0.1,10,20.9,-10.896122896854425,NA,1.9860273225978175e-14,NA,-25.26315789473687,NA,0.9977797485929203,0.04661631840683121,NA,132,4.75,2.16666666666667,4,3.85714285714286,4,3.5,2.66666666666667,3.6666666666666705,Study1A
168,0.3,10,19.5,-19.963989917176807,-32.30769230769232,NA,-32.30769230769232,-0.8695652173913271,NA,0.4575836414561206,-0.3427920507928945,NA,97,4,4.5,2.4,1.42857142857143,3.2,1.5,1.33333333333333,2,Study1A
169,0.3,10,18.3,3.7556561085972824,-6.501457725947529,-5.0000000000000675,NA,-210.00000000000014,NA,0.27727630534874026,-0.09601877056501011,NA,114,2.75,3.16666666666667,2.8,3.28571428571429,3,3.25,2.33333333333333,4,Study1A
17,0.1,10,19.4,-3.2697027542950665,NA,20.000000000000004,NA,-140.00000000000003,NA,0.737231978867888,0.1335257490511761,NA,102,2.75,4.83333333333333,3.4,2.4285714285714306,1,1.25,1,5,Study1A
170,0.2,10,24.5,-22.42242686489885,NA,71.81818181818174,NA,-100,NA,0.6187983455093131,-0.04111286676388159,NA,113,4,2.33333333333333,2,4,3.8,2.75,0.333333333333333,4.66666666666667,Study1A
171,0.1,10,23.6,-12.575431034482756,NA,-29.999999999999996,NA,-20.000000000000004,NA,0.6626295232699524,-0.12664188999790044,NA,123,3.75,1.66666666666667,3.8,3.85714285714286,4.2,3.75,2.33333333333333,3,Study1A
172,0.1,10,23.8,-38.46613545816733,NA,-20.000000000000025,NA,-2.941176470588226,NA,0.2182178902359924,-0.4217813587350915,NA,123,5,2,2.8,3.5714285714285694,4,3,2.33333333333333,4.33333333333333,Study1A
173,0.3,10,17.6,-11.043390514631684,-10.987261146496817,-32.58064516129031,NA,-85.1162790697673,NA,0.6276459144608477,0.38229106259460865,NA,129,4.5,2.16666666666667,3.8,3.28571428571429,3.2,3.5,4,4.66666666666667,Study1A
174,0,10,20,-14.376996805111819,NA,-29.68750000000002,NA,-2.9411764705882515,NA,NA,0.2916862122309707,NA,124,4,2.83333333333333,4,3.5714285714285694,3.8,3.25,2,2.66666666666667,Study1A
175,0.2,10,25.4,-11.874238362174017,NA,-119.99999999999994,NA,42.18749999999997,NA,0.40512953599551127,0.48733412289894473,NA,83,3.25,2.16666666666667,1.8,1.42857142857143,3.2,2,1.66666666666667,3,Study1A
176,0.3,10,20,-15.665480427046258,3.9699874815660704e-15,-113.33333333333321,NA,-19.999999999999943,NA,0.8586631701504972,0.313626142280048,NA,137,4.5,2.66666666666667,4.4,3.5714285714285694,4,4,2.66666666666667,4,Study1A
177,0.3,10,24.3,-8.221185876082618,-7.56756756756755,-13.33333333333335,NA,-7.272727272727288,NA,0.3683294629726381,-0.11776030079682895,NA,102,3.75,2,4,2.4285714285714306,3,2.25,2,2.66666666666667,Study1A
178,0.2,10,18,-12.015480797856494,NA,29.999999999999925,NA,18.333333333333343,NA,0.22976361796741857,0.493468322859794,NA,112,3.75,3.33333333333333,2.2,2.5714285714285694,4.6,2.5,1.33333333333333,3.6666666666666705,Study1A
179,0.2,10,19.8,-16.796691936595447,NA,27.272727272727334,NA,-219.99999999999918,NA,-0.07866459694094406,-0.017122278647758123,NA,102,3.75,2.83333333333333,3.2,2.71428571428571,3,1.75,1.66666666666667,2.66666666666667,Study1A
18,0.3,10,33.1,-14.660377358490571,-17.179487179487182,-74.99999999999999,NA,-96.66666666666659,NA,0.5780062250185214,-0.536920158214279,NA,124,3.75,3.33333333333333,2,3.5714285714285694,3.8,4,2,4.33333333333333,Study1A
180,0.5,10,18.5,-16.917768832662457,-5.473640856672159,-170,NA,NA,-68.57142857142867,0.6728281420951933,-0.06552061966550116,NA,129,3.5,3.16666666666667,3.2,3.4285714285714306,4.4,3.25,3,4,Study1A
181,0.2,10,10.9,2.6153846153846123,NA,44.99999999999998,NA,11.21212121212122,NA,0.5097593400669403,-0.47316807096012997,NA,118,3.75,3.6666666666666705,3.4,2.14285714285714,3.4,3,2,4.66666666666667,Study1A
19,0,10,25.4,-7.440633245382584,NA,-8.750000000000004,NA,10.000000000000002,NA,NA,-0.6347094050017149,NA,114,3,2.66666666666667,2.6,3.5714285714285694,3.4,3,3.6666666666666705,2.66666666666667,Study1A
2,0.6,10,25.3,2.037914691943128,0.018656716417909294,NA,-5.714285714285702,5.000000000000088,NA,-0.10950071996960069,0.3725290144345973,NA,124,3.5,3.16666666666667,3.4,2.85714285714286,4,3.5,2.66666666666667,4,Study1A
20,0.3,10,22.9,-27.440119760479046,-39.999999999999964,NA,-39.999999999999964,-8.823529411764728,NA,0.4243819689695085,-0.5014373056962275,NA,119,3.5,2.33333333333333,3.6,3.5714285714285694,3.2,3.5,2.33333333333333,3.6666666666666705,Study1A
21,0.4,10,13,0.766843162315137,1.1771630370806354,NA,5.71428571428573,13.636363636363642,NA,0.7599926306842233,0.09525304979502781,NA,132,4,3.16666666666667,2.4,3.85714285714286,4.4,3.5,3.6666666666666705,3.6666666666666705,Study1A
22,0.3,10,18.6,-14.156400642742357,6.721311475409834,159.99999999999972,NA,79.99999999999994,NA,0.44504317623290207,-0.010640406694246493,NA,106,4.25,2.16666666666667,3.8,2.71428571428571,2.6,1.75,2.33333333333333,3.6666666666666705,Study1A
23,0.2,10,23.5,0.882352941176474,NA,5.000000000000006,NA,NA,NA,0.27244821251673307,0.10638416785163297,NA,126,4.25,4.16666666666667,1.6,4.42857142857143,4,1.25,2.33333333333333,4.33333333333333,Study1A
24,0.3,10,25.6,-12.339572192513367,145.00000000000028,NA,145.00000000000028,68.3333333333333,NA,0.5390867749306301,0.29618458430902855,NA,127,4.5,4.5,2.4,3.4285714285714306,4.4,3.5,1,2.33333333333333,Study1A
25,0.2,10,8.8,-5.769784172661872,NA,NA,NA,0.38461538461538636,NA,0.9039899696513154,-0.4406162358524774,NA,100,1.75,2.16666666666667,4,3.28571428571429,2,2.5,1.66666666666667,4,Study1A
26,0.2,10,25.1,-3.0776628997355138,NA,NA,NA,18.74999999999989,NA,0.16833755221621258,-0.21053130000742215,NA,106,4.25,3.8333333333333295,3.4,2,2.4,1.25,3,3,Study1A
27,0.4,10,21.3,-9.070631970260214,49.090909090909115,NA,49.090909090909115,-2.500000000000001,NA,0.6102519967891951,-0.35840171542931903,NA,114,3.5,3,3.4,2.4285714285714306,3.8,2.5,2.66666666666667,3.6666666666666705,Study1A
28,0.2,10,29,7.133004926108376,NA,-1.363636363636365,NA,24.883720930232563,NA,0.07257701436809529,0.25429318596027056,NA,133,4.25,2.33333333333333,3.8,4.14285714285714,2.6,4.25,3.6666666666666705,4.33333333333333,Study1A
29,0.2,10,25.3,-3.0876451953537467,NA,-19.999999999999957,NA,-35.000000000000036,NA,0.04275257057558611,-0.35913242787244154,NA,86,3,3,2.6,2.4285714285714306,3.2,1,1.66666666666667,0.333333333333333,Study1A
3,0.3,10,23.9,-11.898928024502302,-4.285714285714271,4.895063839837869e-14,NA,-31.11111111111112,NA,0.5740182906150376,-0.5767552785722667,NA,114,3.25,2,3.2,4.14285714285714,3,3.25,1.66666666666667,3.6666666666666705,Study1A
30,0.2,10,34,-3.188779960227473,NA,NA,NA,-34.50980392156863,NA,0.11491807027621376,0.5439089831850955,NA,125,3.5,3.16666666666667,1.8,2.85714285714286,4.4,3.25,4.33333333333333,5,Study1A
31,0.3,10,18.4,-1.8698060941828232,-4.931506849315069,16.842105263157798,NA,89.99999999999982,NA,0.8426508557982042,0.3406085080207218,NA,150,4.75,5.5,1.8,4,4.4,3.75,4.33333333333333,3.6666666666666705,Study1A
32,0.2,10,14.3,-6.149985237673458,NA,76.5714285714285,NA,-129.09090909090898,NA,0.563053785697817,0.4243896598694557,NA,106,4.5,2.5,2,2.4285714285714306,3.8,3,1.66666666666667,3.33333333333333,Study1A
33,0.2,10,0.5,1.15128449096099,NA,-0,NA,-4.999999999999996,NA,0.5013482068840985,0.6650956311775046,NA,92,1.75,2.83333333333333,3.2,2.28571428571429,2.8,2.25,1,3.33333333333333,Study1A
34,0,10,26.7,-0.9909909909909821,NA,10.689655172413786,NA,-4.28571428571432,NA,NA,-0.03564042776659136,NA,68,4,3.8333333333333295,0.6,2,2.2,0,0.333333333333333,0,Study1A
35,0.3,10,16.3,-11.91056910569106,17.027027027027046,-20.000000000000018,NA,-70.00000000000004,NA,0.5022333258657323,-0.1444865693347299,NA,60,1.25,3,2,0.714285714285714,1.6,0.75,0.333333333333333,3.33333333333333,Study1A
36,0,10,20.4,-13.072773048795108,NA,5.71428571428574,NA,-113.75000000000007,NA,NA,-0.3379955953591682,NA,98,3.75,3.16666666666667,1,2,3.2,3.5,2,3,Study1A
37,0.2,10,25.5,-10.70877708409842,NA,-13.333333333333758,NA,-1.1428571428571495,NA,0.48306798020104635,0.22295445240048295,NA,130,4.5,2.16666666666667,3,3.14285714285714,5,3,3.6666666666666705,4.66666666666667,Study1A
38,0.2,10,21.2,1.3146964279264652,NA,-140.00000000000045,NA,276.6666666666664,NA,0.7932436914974537,-0.1698671351338456,NA,90,3,2.66666666666667,2.2,2,2.4,2.25,2,3.33333333333333,Study1A
39,0.3,10,25.5,-7.690198766278261,-12.866242038216559,82.85714285714283,NA,-279.9999999999995,NA,0.6586036863271878,-0.6408571168745514,NA,126,3.5,2.83333333333333,3.4,2.85714285714286,4,3.5,4,4,Study1A
4,0.4,10,28.9,-1.2499999999999911,3.612040133779265,NA,-4.285714285714158,55.00000000000003,NA,0.5700443283559117,0.04048610388264294,NA,140,4,3.33333333333333,3.6,4.14285714285714,3.6,3.75,4,4,Study1A
40,0.1,10,24.7,-22.081758845757474,NA,-0,NA,-50.43478260869574,NA,0.3228413916783249,-0.3965724312346097,NA,108,3.75,2.5,3.2,3,2.6,3,1.66666666666667,3.6666666666666705,Study1A
41,0.2,10,25,-6.3793103448276,NA,5.000000000000001,NA,-11.999999999999991,NA,0.2647058823529412,-0.6940441793517217,NA,110,4.25,2.5,3.2,3.14285714285714,3.6,1.75,2.66666666666667,2.33333333333333,Study1A
42,0.2,10,34.5,1.4858490566037617,NA,20.769230769230656,NA,-8.333333333333352,NA,0.40006613209931935,0.15251463435037438,NA,122,4,3.16666666666667,2.6,3.4285714285714306,3.8,3.75,1,4.33333333333333,Study1A
43,0.2,10,35.8,2.8724721419727675,NA,9.999999999999936,NA,25.00000000000002,NA,0.7353918594488384,0.4536722066044004,NA,115,3.5,3.33333333333333,2.2,2.5714285714285694,3.8,3.5,3.33333333333333,3,Study1A
44,0,10,27.5,-28.33705465488787,NA,-80.00000000000004,NA,-66.47058823529406,NA,NA,0.3261331979660199,NA,138,4.75,3.16666666666667,2,3.71428571428571,4.6,3.25,4.66666666666667,4.66666666666667,Study1A
45,0.4,10,14.1,-6.101481248030257,-10.22099447513812,-13.33333333333332,NA,NA,-51.42857142857142,0.3919768275463912,-0.02417547385148619,NA,123,3.25,1.66666666666667,3,3.14285714285714,4.6,3.5,3.6666666666666705,5,Study1A
46,0,10,25.9,-15.345392394245827,NA,3.925231146709441e-14,NA,-60.76923076923073,NA,NA,0.43170718354853826,NA,103,3.5,1.66666666666667,3.6,2.14285714285714,2.2,4,3,3.33333333333333,Study1A
47,0.2,10,30.4,-0.3136531365313659,NA,-6.280369834735094e-14,NA,78.33333333333341,NA,0.5437280087725013,0.3968073145529531,NA,125,3.5,3.6666666666666705,2.4,3.85714285714286,4,2.75,2.66666666666667,3.6666666666666705,Study1A
48,0.2,10,11.5,-3.378016085790882,NA,-16.66666666666666,NA,11.666666666666673,NA,-0.13834289277321493,-0.2041593828804171,NA,123,3.75,3.16666666666667,2,3.28571428571429,3.8,3.5,4,3.6666666666666705,Study1A
49,0.2,10,24.8,-20.557351809083904,NA,-90.00000000000006,NA,31.5384615384615,NA,0.6248933269389457,-0.520412366218934,NA,133,3.75,2.66666666666667,2.2,3.85714285714286,4.8,3.75,4,4.33333333333333,Study1A
5,0.2,10,23.2,-10.622876557191393,NA,6.666666666666762,NA,-19.999999999999982,NA,0.07537783614444091,0.2239169321538787,NA,119,4.25,3,2.8,3,3.8,3.25,2.66666666666667,3,Study1A
50,0.3,10,25.4,1.8854415274462935,2.748815165876785,NA,NA,35.00000000000001,NA,0.4116814129126348,0.09788510162652361,NA,99,4,2.66666666666667,2.2,2.71428571428571,2.8,1.25,3,3,Study1A
51,0.4,10,25.9,-13.059299191374663,-2.97231665857212,24.999999999999922,NA,-37.85714285714284,NA,0.68567174739886,-0.5448949732595785,NA,137,3.75,3.6666666666666705,2.6,4.28571428571429,3.2,4,3.33333333333333,5,Study1A
52,0.4,10,21.4,-1.569123695033219,-3.4123222748815145,14.074074074074074,NA,NA,-20.000000000000068,0.4259713756852986,-0.26141948744763854,NA,102,3.5,2.66666666666667,2.4,3.14285714285714,2.8,2.25,2.33333333333333,2.66666666666667,Study1A
53,0.1,10,15.4,-27.437500000000014,NA,-16.923076923076916,NA,-20.000000000000004,NA,0.05263157894736842,-0.09754080011828245,NA,125,3.75,2.5,2.6,4.14285714285714,4.2,3.25,2.66666666666667,3.6666666666666705,Study1A
54,0.3,10,9.8,-1.7507175071750742,4.794520547945207,-30.00000000000013,NA,166.6666666666668,NA,0.21076231488569597,-0.2511812771193794,NA,74,4,2.33333333333333,3.6,2.4285714285714306,1,0.5,0.666666666666667,0,Study1A
55,0.1,10,21,0.28275212064090094,NA,-31.250000000000007,NA,49.99999999999996,NA,0.04217307497155848,0.22087006668138778,NA,127,4,3.33333333333333,1.8,3.5714285714285694,4.8,3,3,4,Study1A
56,0.4,10,18.1,-0.3934871099050165,-1.623815967523682,-15.000000000000083,NA,10.00000000000005,NA,0.7866247547962238,0.08542289225395064,NA,145,3.25,3.5,3.6,4,4.4,4.5,3.33333333333333,5,Study1A
57,0.2,10,26.2,-19.327862446268067,NA,-6.578347465140772e-14,NA,12.499999999999977,NA,-0.12166606584807191,0.1885740238315922,NA,118,3.25,3.33333333333333,2.2,4,4,2.5,3,2.33333333333333,Study1A
58,0.1,10,0.4,-0.13998165757590397,NA,-3.1321485131092723,NA,5.000000000000001,NA,0.7795474678421345,0.3221599229347597,NA,112,1.5,2,3.6,4.14285714285714,3,1.25,4.66666666666667,4.33333333333333,Study1A
59,0,10,24,-11.690140845070419,NA,16.70731707317073,NA,1.6666666666666512,NA,NA,-0.5984873720496733,NA,102,2.75,3.5,2.8,2.5714285714285694,3.4,1.75,1.33333333333333,3.33333333333333,Study1A
6,0.2,10,10.8,15.885132679025812,NA,19.999999999999982,NA,74.99999999999999,NA,0.19837301190396806,0.5242890307428235,NA,121,4,2.16666666666667,3.6,3.5714285714285694,3.2,3.25,3,3.6666666666666705,Study1A
60,0.1,10,12.9,-4.0557939914163095,NA,-19.999999999999996,NA,33.75000000000006,NA,0.16952802134131947,0.10685893728581845,NA,152,4,4.66666666666667,4.2,4,4.2,3.5,4.33333333333333,3.6666666666666705,Study1A
61,0.1,10,14.8,-1.551835157759175,NA,-46.25000000000001,NA,33.33333333333335,NA,0.37059806825265756,0.16090341277564443,NA,92,2.5,2.16666666666667,3.6,2.5714285714285694,2.8,1.75,0.666666666666667,3.33333333333333,Study1A
62,0.2,10,12.2,-10.611229566453451,NA,NA,NA,10.000000000000053,NA,0.4134053154015559,0.014639986082416007,NA,104,3.5,3,3.8,2.28571428571429,3,2.25,2,2.33333333333333,Study1A
63,0.2,10,23.7,2.4933887419720553,NA,17.85714285714282,NA,44.61538461538461,NA,0.44255682794529655,0.0833635948173722,NA,98,2.5,3.16666666666667,3,2.5714285714285694,3.2,1.5,1.66666666666667,3,Study1A
64,0.3,10,24.7,-13.050034270047972,109.99999999999989,NA,109.99999999999989,-85.00000000000004,NA,0.519758587766663,-0.360113441306718,NA,114,3.75,3.33333333333333,3.6,3.28571428571429,1.6,3.5,0.333333333333333,5,Study1A
65,0.1,10,32.8,-12.25951698731068,NA,90.00000000000009,NA,69.99999999999994,NA,0.23779962621269124,0.12234689832868201,NA,124,4.25,2.66666666666667,2.4,3.4285714285714306,3.8,3.75,3,4,Study1A
66,0.2,10,1,-3.5178696566222842,NA,-20.000000000000007,NA,-0,NA,0.6195967287437253,0,NA,136,4.5,3,1.8,3.71428571428571,5,4,3.6666666666666705,4.33333333333333,Study1A
67,0,10,24.2,-30.955109837631333,NA,35.67567567567568,NA,98.75000000000004,NA,NA,-0.4491124926017495,NA,111,4,3.16666666666667,2.4,3.5714285714285694,3,1.75,2.33333333333333,3.33333333333333,Study1A
68,0,10,25.1,-3.7651444547996307,NA,-84.99999999999994,NA,19.09090909090902,NA,NA,0.34065901551447875,NA,131,4,3.5,1.6,4.28571428571429,4.4,2.5,3.33333333333333,4.66666666666667,Study1A
69,0.2,10,28.4,0.09803921568627029,NA,-15.000000000000002,NA,-3.3333333333333464,NA,0.8344408667498866,-0.2022886949696695,NA,103,4,2.66666666666667,2.6,3,3.2,1.75,2,2.66666666666667,Study1A
7,0.3,10,24.5,-23.60505166475315,-24.73372781065089,-20.000000000000078,NA,-46.666666666666636,NA,0.8540320636290464,-0.25216431134808764,NA,97,3.25,3.6666666666666705,2,2.28571428571429,4,2.5,0.333333333333333,1.66666666666667,Study1A
70,0.1,10,18.2,-20.63607085346215,NA,-50.000000000000014,NA,-44.70588235294119,NA,0.4251479347042032,-0.7903663691675715,NA,105,3.25,3.5,1.8,2.28571428571429,4.4,2.25,2.66666666666667,2.33333333333333,Study1A
71,0.1,10,26.3,-7.193181358059675,NA,10.52631578947369,NA,11.022364217252406,NA,0.04619086413735357,-0.040803675736010805,NA,117,3.5,3.6666666666666705,2.8,2.28571428571429,3.6,4,2.33333333333333,3.33333333333333,Study1A
72,0.2,10,30.3,-6.440090168198373,NA,-199.99999999999994,NA,149.16666666666637,NA,0.7977410745953625,0.21606021251437266,NA,111,2.75,2.5,4.6,4.14285714285714,2.8,1.5,1,3.33333333333333,Study1A
73,0.1,10,16.9,-2.586666666666666,NA,-86.66666666666666,NA,9.999999999999966,NA,0.15760180961488335,0.6415920196386506,NA,102,3.25,3,2,3,4.4,1.75,1.33333333333333,2.33333333333333,Study1A
74,0.3,10,27.4,-0.3515475735575157,6.9804489500362035,-39.99999999999972,NA,80.00000000000007,NA,0.4074844255263356,0.5058701977259045,NA,126,3.75,3.5,1.4,4,3.4,3.75,3.33333333333333,4.33333333333333,Study1A
75,0.2,10,21.8,-5.0453542534935085,NA,-87.90697674418593,NA,140.0000000000002,NA,0.37080992435478316,0.36189439392228384,NA,112,3.5,2.83333333333333,4.2,2.85714285714286,3.2,2,1.33333333333333,4,Study1A
76,0.2,10,32.1,-1.8414918414918424,NA,-19.999999999999805,NA,35.00000000000002,NA,0.21930463943872153,-0.18736562589950376,NA,110,3.5,3.16666666666667,2.6,3.4285714285714306,2.2,3.5,1,4,Study1A
77,0.3,10,34.9,-13.423948220064723,24.26229508196719,-6.6666666666666465,NA,-129.99999999999991,NA,0.44304844381246944,-0.18297424248547786,NA,139,4.75,2.5,1.6,4,4.2,4.75,4.66666666666667,5,Study1A
78,0.3,10,23.3,-8.13953488372093,-7.671232876712337,-5.0000000000000195,NA,1.085980617256278e-14,NA,0.8881922310539334,0.02777394566790346,NA,122,4.5,3.5,2.4,4.42857142857143,3.6,1.75,0,5,Study1A
79,0.2,10,28.8,-6.095512359011286,NA,-67.49999999999999,NA,48.57142857142857,NA,0.4910463758239913,0.36078887043031066,NA,95,2,3.16666666666667,2.6,2.4285714285714306,3,3,1.33333333333333,2.33333333333333,Study1A
8,0.2,10,24.6,-20.514005197805368,NA,-7.118644067796621,NA,5,NA,0.6451708585135346,0.20241403462062602,NA,117,3.75,2.16666666666667,2.4,3.5714285714285694,4,3.5,3.33333333333333,2.66666666666667,Study1A
80,0.3,10,11.2,-15.96456692913385,-9.999999999999998,100.00000000000016,NA,40.000000000000085,NA,0.3931933743096768,0.22635016242784683,NA,150,4.75,3.6666666666666705,3.4,3.71428571428571,4.8,4,4,4.66666666666667,Study1A
81,0.3,10,10.8,1.7957927142124177,8.387096774193546,19.999999999999982,NA,-25.714285714285754,NA,0.7149332989285042,-0.11335262447732514,NA,99,1.75,3.16666666666667,3,2.4285714285714306,2.8,2.5,2,3.6666666666666705,Study1A
82,0.3,10,2.3,-4.250243427458615,10.000000000000012,NA,10.000000000000012,7.320593835522379e-15,NA,0.5351014101115321,-0.21032888404019834,NA,124,3.25,3.6666666666666705,2.2,3.4285714285714306,4,3.5,3.33333333333333,3.33333333333333,Study1A
83,0.2,10,23.7,-6.638176638176632,NA,-21.818181818181813,NA,89.49152542372885,NA,0.04801382997483599,-0.75028157112679,NA,120,4.25,2.33333333333333,1.2,3.14285714285714,4.8,4.25,2.66666666666667,4,Study1A
84,0.2,10,7,-21.29300118623962,NA,-124.99999999999991,NA,45.71428571428572,NA,0.7187361356249324,-0.15068803851594495,NA,78,2,1.66666666666667,1.4,1.42857142857143,4.8,1.25,1,3.6666666666666705,Study1A
85,0.2,10,26.6,-9.47423764458464,NA,-29.285714285714256,NA,-19.999999999999954,NA,0.867192426434658,0.4743007823626931,NA,90,2,5,3.8,2.28571428571429,1.4,0.25,0.666666666666667,2.33333333333333,Study1A
86,0,10,20.7,-19.04940037407856,NA,22.500000000000025,NA,-30.000000000000128,NA,NA,-0.5425450737231459,NA,71,3.5,1.5,3.2,2,1.4,0.5,0.666666666666667,2.33333333333333,Study1A
87,0.4,10,3.1,5.863636363636364,0,NA,0,38.57142857142858,NA,0.8487748376370973,0.7506597176276175,NA,104,3.5,1.5,2.6,4.28571428571429,3.2,2,2,2.66666666666667,Study1A
88,0.3,10,18.9,-16.011059204881303,-4.173228346456695,-39.99999999999994,NA,386.66666666666623,NA,0.46225514262617023,0.05782531365751256,NA,119,3.5,4,2.2,2.85714285714286,3.6,2.75,2.66666666666667,4.33333333333333,Study1A
89,0.4,10,15.6,-13.659559594547362,-15.617860851505712,-64.99999999999999,NA,3.333333333333364,NA,0.7984856269366731,-0.25593020150863727,NA,97,2.5,3.8333333333333295,4,2.4285714285714306,2.4,1.5,1,2,Study1A
9,0.1,10,25.6,-17.206219729798615,NA,-46.66666666666666,NA,5.579036348267098,NA,0.362025832079745,0.0366414445348508,NA,102,3,2.16666666666667,2.4,3,4,2.75,2.33333333333333,2,Study1A
90,0.3,10,30.9,4.578125,9.285714285714292,-45.000000000000064,NA,30.526315789473685,NA,0.24324010915603414,0.29286632625982056,NA,87,2.5,3,3,2.4285714285714306,2,1.75,1.33333333333333,2,Study1A
91,0.1,10,28.5,-5.695816124977555,NA,5.714285714285696,NA,-17.058823529411775,NA,0.7193416233051788,-0.13262871871897525,NA,71,2.25,5.66666666666667,2.2,0.714285714285714,0.6,0.5,0.333333333333333,2,Study1A
92,0.4,10,13.5,-0.8064516129032204,1.4925373134328355,-26.66666666666669,NA,NA,-100.0000000000001,0.31180478223116176,0.550829738447856,NA,81,2.25,2.5,2.8,1.85714285714286,3,1.5,1.33333333333333,1.66666666666667,Study1A
93,0.2,10,12.9,1.0846914239914496,NA,-4.999999999999982,NA,1.2500000000000002,NA,0.49068779474052143,0.5942453664185793,NA,66,0.5,2,2.8,1.85714285714286,1.2,1,1.66666666666667,3.33333333333333,Study1A
94,0.2,10,22.4,-5.668523676880224,NA,-1.2306961192854838e-13,NA,24.117647058823533,NA,0.13402679917785934,-0.5221120638495612,NA,126,4,3.5,3.8,3.4285714285714306,3.6,2.75,1.66666666666667,4,Study1A
95,0.3,10,17.3,-17.230046948356804,-1.6034985422740513,-406.66666666666663,NA,NA,NA,0.572767424631509,-0.22062870046488053,NA,111,2.5,3.6666666666666705,2,3.14285714285714,3.4,2.5,3,3.6666666666666705,Study1A
96,0.1,10,22.3,-3.4370925684484996,NA,76.96969696969694,NA,11.249999999999995,NA,0.30506954354828625,0.042262092204191685,NA,121,4,4.16666666666667,2.8,3.14285714285714,3.6,2.25,2,3.6666666666666705,Study1A
97,0,10,25.8,-23.60242860355296,NA,-12.222222222222257,NA,-94.99999999999974,NA,NA,0.2880921770085992,NA,102,4.5,1.5,3.6,2,2.8,3.5,1.66666666666667,3.33333333333333,Study1A
98,0.3,10,22.9,-8.760670249762876,-5.790554414784402,-90.00000000000055,NA,6.427100869169709e-14,NA,0.810621337069081,0.4723610145040785,NA,126,3.5,2.16666666666667,2.8,3.85714285714286,3.6,3.75,3.6666666666666705,4.66666666666667,Study1A
99,0.2,10,15.6,-2.124784142953675,NA,333.3333333333339,NA,-4.545454545454542,NA,0.5251533014955769,0.04407516711442173,NA,99,2.5,4.5,3.4,2,2.6,1.5,2.66666666666667,1.33333333333333,Study1A
