study,task_feature,questionnaire,n_s4,r_s4,t,p_s4,ci_lower,ci_upper,p_bh_s4,r_s5,p_s5,p_bh_s5,n_s5,same_direction,replicated,sig_s4,sig_s5
Study4,mean_Confidence,MAIA_Noticing,63,0.37451817441093227,3.1546793603923,0.00249451315771483,0.13971791752334756,0.5694431493780406,0.3867662085438974,0.21558456267758505,0.003560853199295571,0.13836458145834218,181,TRUE,TRUE,FALSE,FALSE
Study4,slope_miss_overall,MAIA_Trusting,63,0.36255899277842113,3.0384069631350368,0.003498539481272936,0.1261235696709893,0.5600179283048032,0.3867662085438974,-5.982553595087439e-4,0.9936405121760599,0.9962431358547761,180,FALSE,FALSE,FALSE,FALSE
Study4,mean_Confidence,MAIA_total,63,0.3470545056159742,2.8902243482348684,0.005325067849298238,0.10863037862416985,0.5477220322391748,0.3867662085438974,0.26587697536787447,2.97393887857122e-4,0.02696371249904573,181,TRUE,TRUE,FALSE,TRUE
Study4,mean_Confidence,MAIA_Trusting,63,0.3412977564504223,2.8359017493718444,0.0061919297734642454,0.10217260790633506,0.5431344445722294,0.3867662085438974,0.1622664100399436,0.029077710824797456,0.40050605141966616,181,TRUE,TRUE,FALSE,FALSE
Study4,mean_Confidence,MAIA_EmoAware,63,0.33974434466078407,2.821305546320433,0.006446103475731624,0.10043347742427233,0.5418944534255526,0.3867662085438974,0.23343641025752104,0.0015635729614139364,0.08505836910091813,181,TRUE,TRUE,FALSE,FALSE
Study4,arousal_conf_r,MAIA_NotWorrying,61,-0.3348480926258569,-2.729590463845213,0.008345460039291756,-0.5410468450424405,-0.09067305962817886,0.41727300196458783,0.03700833768893633,0.6288078609618709,0.962396519053323,173,FALSE,FALSE,FALSE,FALSE
Study4,mean_arousal_overall,MAIA_BodyListen,63,0.29416428623942764,2.403855415134074,0.01927668865219662,0.05004684914002222,0.5051147272017589,0.826143799379855,0.12561788832088344,0.091990817201333,0.548237048417462,181,TRUE,FALSE,FALSE,FALSE
Study4,mean_Confidence,MAIA_AttentionReg,63,0.28421407469549215,2.315262345279726,0.02397808638950734,0.03921015466789559,0.4969824439530168,0.8525345592169666,0.2678174162580745,2.67427827658439e-4,0.02696371249904573,181,TRUE,TRUE,FALSE,TRUE
Study4,slope_hit_acc,MAIA_Noticing,63,-0.2812085454957613,-2.2886641437041675,0.025576036776508996,-0.49451866094655844,-0.035948151379215136,0.8525345592169666,-0.021360264774237026,0.7753265338084593,0.962396519053323,181,TRUE,FALSE,FALSE,FALSE
Study4,slope_hit_acc,MAIA_BodyListen,63,-0.27037897746970313,-2.1934236418819957,0.03209828112140096,-0.4856126006378961,-0.024237634849766227,0.9629484336420288,0.026789263776448333,0.720358307894893,0.962396519053323,181,FALSE,FALSE,FALSE,FALSE
Study4,mean_Confidence,MAIA_BodyListen,63,0.2622581411447404,2.1225972298832443,0.03785492960495259,0.015500292464918616,0.4789047134108575,0.9903863843384291,0.27553985620801275,1.7385129340121694e-4,0.02696371249904573,181,TRUE,TRUE,FALSE,TRUE
Study4,mean_Confidence,SPANE_Neg,63,-0.2579336418036147,-2.0850797476897465,0.04125438745740355,-0.4753222833156971,-0.0108628184221895,0.9903863843384291,-0.01782549559455265,0.8117453998802765,0.9698366158213383,181,TRUE,FALSE,FALSE,FALSE
Study4,arousal_salience_diff,SPANE_Neg,63,0.24843470693720462,2.003138186858236,0.04961113090712196,7.135985409272889e-4,0.46742794493244216,0.9903863843384291,0.07390230617819449,0.32280099506935,0.7910078437735423,181,TRUE,FALSE,FALSE,FALSE
Study4,mean_arousal_overall,MAIA_Trusting,63,0.245837343136462,1.9808408648081723,0.05212286565804365,-0.0020527207077094167,0.46526323977665346,0.9903863843384291,0.11687517756184891,0.11714374580844643,0.548237048417462,181,TRUE,FALSE,FALSE,FALSE
Study4,slope_hit_acc,MAIA_total,63,-0.24180690676950903,-1.9463308731471605,0.05622492008422601,-0.4618989733981828,0.006337833911699864,0.9903863843384291,-0.04348291290447602,0.5610889554036452,0.9574311391542774,181,TRUE,FALSE,FALSE,FALSE
Study4,slope_hit_dec,MAIA_NotDistracting,63,-0.22519201618892326,-1.8051728128884221,0.07598331654272154,-0.4479630800966751,0.02390689484769561,0.9903863843384291,-0.07691171004980073,0.30343380131844877,0.7804933825129019,181,TRUE,FALSE,FALSE,FALSE
Study4,mean_arousal_overall,MAIA_total,63,0.221704885375691,1.7757624701522305,0.0807599471928393,-0.02757485399514878,0.4450244078691183,0.9903863843384291,0.16189900875616162,0.029448974369093103,0.40050605141966616,181,TRUE,TRUE,FALSE,FALSE
Study4,mean_arousal_overall,MAIA_Noticing,63,0.21967226774218376,1.7586525879931685,0.08365202162892846,-0.029709782599828316,0.4433092602033349,0.9903863843384291,0.041361264892803326,0.5803727336257072,0.9574311391542774,181,TRUE,FALSE,FALSE,FALSE
Study4,mean_Confidence,MAIA_NotDistracting,63,-0.2108190733502122,-1.6844064686794729,0.0972137650893179,-0.435819677803995,0.038982136607696234,0.9903863843384291,-0.059005086828130125,0.43010016824576314,0.9211594154554927,181,TRUE,FALSE,FALSE,FALSE
Study4,mean_Confidence,SPANE_Pos,63,0.20725484065821273,1.6546392539444523,0.10313468423931589,-0.04270301336880569,0.4327956019000969,0.9903863843384291,0.22542258786773298,0.002279976369166698,0.10335892873555698,181,TRUE,TRUE,FALSE,FALSE
Study4,slope_hit_overall,MAIA_EmoAware,63,-0.20637517778752532,-1.6473032687372708,0.10463814077811412,-0.43204846948843656,0.04362027084687656,0.9903863843384291,-0.1737011267458939,0.019360038514565168,0.3097606162330427,181,TRUE,TRUE,FALSE,FALSE
Study4,mean_Confidence,MAIA_SelfReg,63,0.2043178734917677,1.6301625439180394,0.10822056630686962,-0.045763854948380193,0.4302999094707577,0.9903863843384291,0.1910363140063793,0.009992337877065258,0.2565327730012103,181,TRUE,TRUE,FALSE,FALSE
Study4,miss_rate,BIPS_total,63,-0.1999310630321503,-1.5936881374745488,0.11617482735954154,-0.4265657655050161,0.05032696251528625,0.9903863843384291,0.07918859816859462,0.28930038607625264,0.7791059902251557,181,FALSE,FALSE,FALSE,FALSE
Study4,slope_miss_dec,MAIA_Trusting,62,0.19756546361892463,1.5611053624303315,0.12375840657602076,-0.05491242398663714,0.42629776003638853,0.9903863843384291,-0.08873335949128881,0.2470574449949631,0.7731432352286772,172,FALSE,FALSE,FALSE,FALSE
Study4,slope_hit_overall,MAIA_total,63,-0.19276734760073497,-1.534338413150231,0.13011712602601241,-0.4204512068936667,0.05775617855372278,0.9903863843384291,-0.14300875570919047,0.054789763714756017,0.5138901976004702,181,TRUE,FALSE,FALSE,FALSE
Study4,mean_Confidence,PHQ4_Depression,63,-0.19109852407703834,-1.5205496066235529,0.1335398067976874,-0.4190238134581049,0.05948287614678775,0.9903863843384291,0.005052419395512766,0.946181390839759,0.9962431358547761,181,FALSE,FALSE,FALSE,FALSE
Study4,mean_arousal_overall,MAIA_NotDistracting,63,-0.18767296623665192,-1.492288344224808,0.14077768912525943,-0.4160902999966435,0.06302253894830709,0.9903863843384291,0.07280431585746217,0.3300619223166664,0.7985033048645268,181,FALSE,FALSE,FALSE,FALSE
Study4,mean_arousal_overall,MAIA_EmoAware,63,0.18350159517394557,1.457950124475775,0.14998382120587547,-0.067324358383361,0.41251166994708266,0.9903863843384291,0.18483578250642277,0.01273896790060192,0.2665384053049017,181,TRUE,TRUE,FALSE,FALSE
Study4,slope_hit_overall,BIPS_total,63,0.18290186535028502,1.453019973945243,0.15134339426873766,-0.06794207731593171,0.4119965783354317,0.9903863843384291,0.029469462165326425,0.6937214542545214,0.962396519053323,181,TRUE,FALSE,FALSE,FALSE
Study4,slope_miss_overall,MAIA_NotDistracting,63,-0.18066386987034183,-1.4346370299521443,0.1564977481949806,-0.410073131427189,0.07024550561039124,0.9903863843384291,0.12194502687324649,0.10294137088329708,0.548237048417462,180,FALSE,FALSE,FALSE,FALSE
Study4,slope_hit_overall,MAIA_BodyListen,63,-0.17947434996716694,-1.4248756843911161,0.15928962768441463,-0.40904996642418756,0.07146871571352773,0.9903863843384291,-0.0821876761590651,0.27136546246178683,0.7791059902251557,181,TRUE,FALSE,FALSE,FALSE
Study4,slope_miss_acc,MAIA_NotWorrying,58,-0.18694995193686803,-1.4241132522353237,0.15996234891947952,-0.424735916339565,0.07496580018875156,0.9903863843384291,0.006720401115478141,0.93068914934245,0.9962431358547761,170,FALSE,FALSE,FALSE,FALSE
Study4,mean_arousal_overall,MAIA_AttentionReg,63,0.1765865936030058,1.4012051726110695,0.1662199720849304,-0.07443512350371466,0.40656366003130395,0.9903863843384291,0.12687102082934795,0.08876776424974527,0.548237048417462,181,TRUE,FALSE,FALSE,FALSE
Study4,slope_hit_acc,MAIA_AttentionReg,63,-0.1713887641928999,-1.358692971507958,0.1792470576354838,-0.4020798220535076,0.07976335096835953,0.9903863843384291,-0.006782637982648187,0.9277946160306189,0.9962431358547761,181,TRUE,FALSE,FALSE,FALSE
Study4,slope_hit_overall,PHQ4_Anxiety,63,0.16544515811830723,1.310224203148817,0.19503238076603557,-0.08583852684000612,0.3969390537942831,0.9903863843384291,0.02989854788898353,0.689490659239068,0.962396519053323,181,TRUE,FALSE,FALSE,FALSE
Study4,mean_arousal_overall,MAIA_SelfReg,63,0.1651710284968764,1.307992325203168,0.1957836691160733,-0.08611827461916852,0.3967016015691971,0.9903863843384291,0.11874359710607156,0.11136182212422352,0.548237048417462,181,TRUE,FALSE,FALSE,FALSE
Study4,slope_miss_dec,MAIA_total,62,0.1658497009813194,1.3027074004530652,0.19765257969323816,-0.08754496265437257,0.39908616564764016,0.9903863843384291,-0.14393924807802574,0.059591741243535834,0.5402984539413915,172,FALSE,FALSE,FALSE,FALSE
Study4,slope_hit_dec,PHQ4_Depression,63,0.16133636464989343,1.2768040912517655,0.20651058056227217,-0.09002737847187,0.3933767482310328,0.9903863843384291,-0.07741720122712038,0.30025741256900923,0.7804933825129019,181,FALSE,FALSE,FALSE,FALSE
Study4,thresh_direction_diff,MAIA_NotDistracting,63,0.15854357208162395,1.2541271050525458,0.214580519275864,-0.09286951974879513,0.3909514256374799,0.9903863843384291,0.07924330547365445,0.2889662995265082,0.7791059902251557,181,TRUE,FALSE,FALSE,FALSE
Study4,arousal_conf_r,PHQ4_Anxiety,61,-0.1562764768159302,-1.2153145391377915,0.2290870804056092,-0.3926451912879565,0.09945831050719957,0.9903863843384291,-0.055587399680753796,0.46759386435875805,0.9294617953781013,173,TRUE,FALSE,FALSE,FALSE
Study4,slope_hit_overall,SPANE_Neg,63,0.15292645838961258,1.208610010541385,0.2314769785704671,-0.09857350779980642,0.38606360717317834,0.9903863843384291,0.03177807288963511,0.6710732090760887,0.962396519053323,181,TRUE,FALSE,FALSE,FALSE
Study4,thresh_direction_diff,PHQ4_Depression,63,-0.15266334812406634,-1.206480931408419,0.23229039118839848,-0.3858343362984325,0.09884028277250058,0.9903863843384291,0.031398546018232276,0.6747768741262711,0.962396519053323,181,FALSE,FALSE,FALSE,FALSE
Study4,thresh_salience_diff,MAIA_NotWorrying,62,0.1523989117075889,1.1944289424158294,0.23701076137126928,-0.10122225565223128,0.3874201962129588,0.9903863843384291,0.02167646841405217,0.7720911523110917,0.962396519053323,181,TRUE,FALSE,FALSE,FALSE
Study4,mean_Confidence,BARQ_total,63,-0.15021009109436562,-1.1866418354365083,0.23996997311221877,-0.383695212806837,0.10132597096435197,0.9903863843384291,-0.04028911756224437,0.5902332319984219,0.9576618529731287,181,TRUE,FALSE,FALSE,FALSE
Study4,slope_miss_dec,MAIA_SelfReg,62,0.14948392775553407,1.1710553208480723,0.2462063711849437,-0.10417374029645884,0.38488204659704295,0.9903863843384291,-0.0829069851752731,0.27958636402564957,0.7791059902251557,172,FALSE,FALSE,FALSE,FALSE
Study4,slope_miss_dec,MAIA_EmoAware,62,0.14578122655955056,1.1414103811489185,0.2582342800128735,-0.1079163748376115,0.38165287007860915,0.9903863843384291,-0.02864908598766942,0.7090992689058466,0.962396519053323,172,FALSE,FALSE,FALSE,FALSE
Study4,slope_miss_dec,SPANE_Pos,62,0.14558203139925588,1.1398169662701685,0.2588924107072671,-0.10811751467477584,0.3814789858832375,0.9903863843384291,-0.13059138524955496,0.08772517805693494,0.548237048417462,172,FALSE,FALSE,FALSE,FALSE
Study4,mean_arousal_overall,SPANE_Neg,63,-0.14407371499922875,-1.1371152569526024,0.2599372362285187,-0.37833358981172055,0.10752974574224763,0.9903863843384291,-0.0765393352904545,0.3057878309842593,0.7804933825129019,181,TRUE,FALSE,FALSE,FALSE
Study4,slope_miss_acc,PHQ4_Depression,58,0.14951880110856525,1.1316168914764124,0.26261821366091836,-0.11314670807375773,0.3926503886861179,0.9903863843384291,0.020737139788631773,0.788381241974863,0.962396519053323,170,TRUE,FALSE,FALSE,FALSE
Study4,slope_hit_acc,MAIA_EmoAware,63,-0.14320124990247515,-1.1300846312189419,0.26286463110263325,-0.3775700000680991,0.10841020546919407,0.9903863843384291,-0.008645584122528374,0.9080402962824167,0.9919155043727604,181,TRUE,FALSE,FALSE,FALSE
Study4,slope_miss_overall,SPANE_Pos,63,-0.14198134646395758,-1.120258732905127,0.26699487299603863,-0.37650179429785213,0.10964062572623341,0.9903863843384291,-0.1349721746333144,0.07084003055811895,0.548237048417462,180,TRUE,FALSE,FALSE,FALSE
Study4,arousal_salience_diff,BIPS_total,63,0.14034571721555625,1.107092473538507,0.272600602867303,-0.11128914654159681,0.3750685798774476,0.9903863843384291,-0.11625158525095777,0.1191246541114433,0.548237048417462,181,FALSE,FALSE,FALSE,FALSE
Study4,slope_miss_dec,MAIA_BodyListen,62,0.14014351630222424,1.0963668335421033,0.27729931308844263,-0.11360111086332342,0.37672506311958037,0.9903863843384291,-0.07330797284712812,0.33922326675552605,0.8011669822807236,172,FALSE,FALSE,FALSE,FALSE
Study4,slope_miss_dec,MAIA_NotDistracting,62,-0.13996674788988583,-1.094956292932831,0.27791181620243105,-0.3765703366637444,0.11377908551759904,0.9903863843384291,0.03041534297630674,0.6920486159340107,0.962396519053323,172,FALSE,FALSE,FALSE,FALSE
Study4,thresh_salience_diff,MAIA_NotDistracting,62,0.13988350302125824,1.094292069462306,0.2782005706650008,-0.11386289279697949,0.3764974673566175,0.9903863843384291,0.08591758815173643,0.25013457610339557,0.7731432352286772,181,TRUE,FALSE,FALSE,FALSE
Study4,arousal_conf_r,MAIA_Trusting,61,-0.1361716457964757,-1.055788655712165,0.29536895082915626,-0.375128898092027,0.11975561434828186,0.9903863843384291,-0.10095168075546494,0.18631312361684227,0.6573561424781281,173,TRUE,FALSE,FALSE,FALSE
Study4,slope_hit_overall,MAIA_Noticing,63,-0.13228141460010065,-1.042310490627614,0.3013811550600752,-0.3679858192817069,0.11939681407711566,0.9903863843384291,-0.10896465924830574,0.14424487180487397,0.5944637141049351,181,TRUE,FALSE,FALSE,FALSE
Study4,mean_Confidence,BIPS_total,63,-0.1314165432374777,-1.0353755805527838,0.30458077001867717,-0.36722458773870137,0.12026434777266756,0.9903863843384291,0.07746317405399679,0.299969624408031,0.7804933825129019,181,FALSE,FALSE,FALSE,FALSE
Study4,miss_rate,PHQ4_Anxiety,63,-0.13024424787180278,-1.025979449993415,0.3089526809763423,-0.36619226710611047,0.12143963849842875,0.9903863843384291,0.003697862029265949,0.9605964305560863,0.9962431358547761,181,FALSE,FALSE,FALSE,FALSE
Study4,slope_hit_overall,MAIA_Trusting,63,-0.13020674629138637,-1.0256789414462728,0.30909320223502956,-0.3661592337103206,0.12147722425470148,0.9903863843384291,-0.0942184357502267,0.20709063542235967,0.6954154670973065,181,TRUE,FALSE,FALSE,FALSE
Study4,thresh_direction_diff,MAIA_Trusting,63,0.1298124075000031,1.0225192874010243,0.3105733130954001,-0.12187240448469323,0.36581184302572767,0.9903863843384291,0.10147284889412725,0.17407354981829484,0.6573561424781281,181,TRUE,FALSE,FALSE,FALSE
Study4,mean_arousal_overall,MAIA_NotWorrying,63,-0.1294820964326404,-1.0198730377314147,0.3118166071587761,-0.3655208066074427,0.12220335896717498,0.9903863843384291,-0.1061539921145869,0.15494400490349264,0.6228045960270737,181,TRUE,FALSE,FALSE,FALSE
Study4,slope_miss_acc,MAIA_NotDistracting,58,-0.13370518634646333,-1.009623250276964,0.3170184572504357,-0.37891494976823076,0.12904729957186814,0.9903863843384291,-0.046745743152162296,0.5449636136526896,0.9574311391542774,170,TRUE,FALSE,FALSE,FALSE
Study4,slope_miss_overall,MAIA_total,63,0.1273178557128401,1.00254296804748,0.32004186276927327,-0.1243704315288534,0.3636127559071327,0.9903863843384291,-0.047856090348171704,0.5235065875679658,0.9574311391542774,180,FALSE,FALSE,FALSE,FALSE
Study4,thresh_direction_diff,MAIA_SelfReg,63,-0.12586178377026755,-0.9908917382155331,0.32565283293485436,-0.36232792850159223,0.12582705881511785,0.9903863843384291,0.08180014435637198,0.27363949131185344,0.7791059902251557,181,FALSE,FALSE,FALSE,FALSE
Study4,miss_rate,MAIA_EmoAware,63,0.12183231117058177,0.9586822827515048,0.3415032962203639,-0.1298524190746931,0.35876765999157173,0.9903863843384291,0.13315390246589348,0.07394440795745243,0.548237048417462,181,TRUE,FALSE,FALSE,FALSE
Study4,slope_miss_acc,SPANE_Pos,58,-0.1266153125213004,-0.9551897054840417,0.3435870895075611,-0.3727215279085452,0.13613256915903282,0.9903863843384291,0.004762858869424692,0.9508477226027207,0.9962431358547761,170,FALSE,FALSE,FALSE,FALSE
Study4,thresh_direction_diff,MAIA_total,63,0.11977172319138547,0.9422297429406878,0.34979178629573404,-0.13190770304091265,0.356944345159111,0.9903863843384291,0.19076335992800408,0.010101233875209406,0.2565327730012103,181,TRUE,TRUE,FALSE,FALSE
Study4,Awareness,MAIA_Trusting,62,-0.11975439199964108,-0.9343374459634713,0.35387498674199525,-0.35879085899192603,0.13402253727118213,0.9903863843384291,-0.11335921710753737,0.12865474251223438,0.564420805860125,181,TRUE,FALSE,FALSE,FALSE
Study4,slope_hit_overall,BARQ_total,63,0.11838652211726906,0.9311767140322778,0.35543296231127275,-0.13328812335699483,0.35571763098110104,0.9903863843384291,0.08458002563945512,0.257611697494314,0.7785597968717045,181,TRUE,FALSE,FALSE,FALSE
Study4,slope_miss_dec,MAIA_AttentionReg,62,0.11904518220134498,0.9287243253693057,0.35675329306723447,-0.13472901270719617,0.35816384806469737,0.9903863843384291,-0.1844948566538944,0.015400570554281425,0.2992110850546105,172,FALSE,FALSE,FALSE,FALSE
Study4,thresh_direction_diff,MAIA_NotWorrying,63,0.11649857600348326,0.916120962564201,0.3632110990849806,-0.13516798244802877,0.35404437516103027,0.9903863843384291,0.032433884727576724,0.664692057131903,0.962396519053323,181,TRUE,FALSE,FALSE,FALSE
Study4,thresh_direction_diff,MAIA_EmoAware,63,0.11614058428181397,0.9132672367273467,0.364697614664501,-0.13552423647766884,0.3537269213243034,0.9903863843384291,0.1688580880332418,0.023064981951093473,0.3485375050387458,181,TRUE,TRUE,FALSE,FALSE
Study4,Awareness,PHQ4_Anxiety,62,0.11526931862761053,0.8988638811534037,0.3723183741668624,-0.1384859799894593,0.3548219798952151,0.9903863843384291,-0.03356199911658115,0.6537717086576436,0.962396519053323,181,FALSE,FALSE,FALSE,FALSE
Study4,mean_Confidence,MAIA_NotWorrying,63,-0.11318341658653541,-0.8897079068933174,0.3771181901389169,-0.35110251907418494,0.13846456316909952,0.9903863843384291,-0.1504720977942664,0.04318704635913385,0.41953130748872874,181,TRUE,TRUE,FALSE,FALSE
Study4,slope_hit_overall,SPANE_Pos,63,-0.11303050571261845,-0.8884903449310406,0.37776727847074765,-0.3509667133005985,0.1386164826861822,0.9903863843384291,-0.0976559701674993,0.19092329138151515,0.6573561424781281,181,TRUE,FALSE,FALSE,FALSE
Study4,conf_acc_r,PHQ4_Anxiety,62,0.11177742095559809,0.8712842846912399,0.3870719202696068,-0.14195391437317437,0.35172598101342667,0.9903863843384291,-0.011859353969372394,0.8741010589408784,0.9827671204101989,181,FALSE,FALSE,FALSE,FALSE
Study4,Awareness,MAIA_NotDistracting,62,0.10931454827161094,0.8518518206929825,0.3976836830481425,-0.1443961454559666,0.34953917853166433,0.9903863843384291,-0.04390507236484975,0.5572889242288687,0.9574311391542774,181,FALSE,FALSE,FALSE,FALSE
Study4,slope_miss_overall,PHQ4_Anxiety,63,-0.10835191268354848,-0.8512672410163564,0.3979503908505101,-0.34680663858897587,0.1432590254771931,0.9903863843384291,-0.03904410102138578,0.6027982723808268,0.962396519053323,180,TRUE,FALSE,FALSE,FALSE
Study4,slope_miss_acc,SPANE_Neg,58,0.11236291146685365,0.8462058572717015,0.4010394662285436,-0.15029485061224618,0.3602045191105427,0.9903863843384291,0.002789934275958202,0.9711962594979876,0.9962431358547761,170,TRUE,FALSE,FALSE,FALSE
Study4,thresh_salience_diff,MAIA_EmoAware,62,-0.1070684575194069,-0.8341436546434875,0.40750880475702866,-0.34754257377117176,0.1466207199033081,0.9903863843384291,0.03286842839247475,0.660477076792229,0.962396519053323,181,FALSE,FALSE,FALSE,FALSE
Study4,conf_acc_r,MAIA_SelfReg,62,0.10556878359284687,0.822327444671715,0.41414665115969773,-0.14810460053753277,0.346208261933843,0.9903863843384291,-0.15219965073700314,0.04081717797577214,0.41953130748872874,181,FALSE,FALSE,FALSE,FALSE
Study4,conf_acc_r,MAIA_Trusting,62,-0.10495045081164547,-0.8174571425094529,0.4169015600175642,-0.34565782623872865,0.14871608919048374,0.9903863843384291,-0.15737106392770422,0.03436656173909692,0.40642194752323313,181,TRUE,TRUE,FALSE,FALSE
Study4,slope_hit_dec,MAIA_Noticing,63,0.10372748648150786,0.8145313490578241,0.4185092433129304,-0.1478369628181468,0.3426854871868696,0.9903863843384291,0.04171316084528613,0.5771531241704022,0.9574311391542774,181,TRUE,FALSE,FALSE,FALSE
Study4,mean_threshold,MAIA_EmoAware,63,0.10250285517180566,0.8048120698157158,0.42405393225659027,-0.14904748037419988,0.3415925896934683,0.9903863843384291,0.08893553033324966,0.23381991656259046,0.75713115839315,181,TRUE,FALSE,FALSE,FALSE
Study4,slope_miss_dec,PHQ4_Anxiety,62,-0.10192561492911904,-0.7936457069339583,0.4305292975615417,-0.342962748243949,0.15170465104764555,0.9903863843384291,0.06516392964475567,0.3957208829025429,0.8822629520450137,172,FALSE,FALSE,FALSE,FALSE
Study4,arousal_conf_r,BARQ_total,61,0.10217225300697402,0.788928649873212,0.43331254873071046,-0.15360048709437174,0.34511353404832057,0.9903863843384291,0.0014580255083976995,0.9848105410346599,0.9962431358547761,173,TRUE,FALSE,FALSE,FALSE
Study4,slope_hit_dec,MAIA_SelfReg,63,0.09923815995931838,0.778919780328292,0.4390382928215527,-0.15227087035470122,0.33867591542425857,0.9903863843384291,0.017981641299402242,0.8101274385832936,0.9698366158213383,181,TRUE,FALSE,FALSE,FALSE
Study4,slope_hit_dec,MAIA_AttentionReg,63,-0.09914375178442393,-0.778171411493086,0.43947597447778153,-0.338591502775065,0.15236400453596655,0.9903863843384291,0.03431369696608436,0.6465355558172218,0.962396519053323,181,FALSE,FALSE,FALSE,FALSE
Study4,slope_hit_acc,MAIA_NotDistracting,63,-0.09898557729082916,-0.7769176178236439,0.44020982760689376,-0.33845006646797593,0.15252003452897028,0.9903863843384291,0.047595635988417845,0.5246081370598129,0.9574311391542774,181,FALSE,FALSE,FALSE,FALSE
Study4,slope_hit_dec,BARQ_total,63,0.09782910149327222,0.7677524409186648,0.445596096011981,-0.15366045022542774,0.33741564126150525,0.9903863843384291,-0.003409512319159415,0.9636668230052241,0.9962431358547761,181,FALSE,FALSE,FALSE,FALSE
Study4,slope_hit_acc,SPANE_Pos,63,-0.09632145524666515,-0.7558089154546481,0.4526725988737652,-0.3360662375741709,0.15514615429594797,0.9903863843384291,-0.02602515342743729,0.7280160860631317,0.962396519053323,181,TRUE,FALSE,FALSE,FALSE
Study4,slope_miss_overall,MAIA_Noticing,63,-0.09630319253637558,-0.7556642712081254,0.4527586970079587,-0.3360498856822561,0.15516414424169822,0.9903863843384291,-0.12306304143207393,0.09980012691684466,0.548237048417462,180,TRUE,FALSE,FALSE,FALSE
Study4,slope_miss_overall,MAIA_NotWorrying,63,0.09610473913228572,0.7540925309681719,0.4536948714997876,-0.15535962287231034,0.3358721870409353,0.9903863843384291,-0.02078102204291247,0.781861345069443,0.962396519053323,180,FALSE,FALSE,FALSE,FALSE
Study4,slope_miss_overall,SPANE_Neg,63,-0.09567434065560809,-0.7506841099055543,0.45572886669429025,-0.335486742078181,0.15578350211126324,0.9903863843384291,-0.025388408799617665,0.7351350340548479,0.962396519053323,180,TRUE,FALSE,FALSE,FALSE
Study4,thresh_salience_diff,MAIA_SelfReg,62,-0.09644878521476145,-0.7505883593438547,0.4558340133120322,-0.33807286673790105,0.157104028352001,0.9903863843384291,-0.024248574106587012,0.7459238888234645,0.962396519053323,181,TRUE,FALSE,FALSE,FALSE
Study4,mean_threshold,SPANE_Neg,63,0.0956153358790197,0.7502168711485994,0.4560081033870903,-0.15584160592624738,0.3354338938710269,0.9903863843384291,0.0873846713314195,0.24210779123087794,0.7731432352286772,181,TRUE,FALSE,FALSE,FALSE
Study4,mean_arousal_overall,PHQ4_Depression,63,-0.09526961454454931,-0.7474793816981347,0.45764609402793965,-0.3351242148307065,0.15618201337428692,0.9903863843384291,-0.11912924259177045,0.11019670562487698,0.548237048417462,181,TRUE,FALSE,FALSE,FALSE
Study4,Awareness,MAIA_EmoAware,62,-0.094918901694481,-0.7385733032096503,0.46304549102920767,-0.3367046047333704,0.15860957290287286,0.9903863843384291,-0.15062772203439312,0.042968938070388,0.41953130748872874,181,TRUE,TRUE,FALSE,FALSE
Study4,mean_threshold,MAIA_AttentionReg,63,0.09215907600772867,0.722861678242293,0.47252741585315716,-0.15924205756434456,0.33233562481963014,0.9903863843384291,0.06976487725755255,0.35070359088608605,0.8091187938764679,181,TRUE,FALSE,FALSE,FALSE
Study4,arousal_salience_diff,MAIA_EmoAware,63,0.09100072691339854,0.7136996619435936,0.47813480498780614,-0.16038036973745176,0.33129609361845225,0.9903863843384291,0.0196820157865051,0.7925618392203837,0.962396519053323,181,TRUE,FALSE,FALSE,FALSE
Study4,arousal_conf_r,MAIA_Noticing,61,0.0918471894969776,0.7084863403303421,0.48143323985008546,-0.1637611864254838,0.33589891341249434,0.9903863843384291,-0.08691185569824553,0.25553302327338906,0.7785597968717045,173,FALSE,FALSE,FALSE,FALSE
Study4,slope_miss_overall,MAIA_AttentionReg,63,0.08961920977836167,0.7027763037662106,0.48486862017103616,-0.16173711589171388,0.33005552263253407,0.9903863843384291,-0.1591005258890816,0.03290061335396581,0.40642194752323313,180,FALSE,FALSE,FALSE,FALSE
Study4,miss_rate,MAIA_Noticing,63,-0.08896001355334035,-0.6975656264978491,0.48809925125623677,-0.32946328656352314,0.16238415784565685,0.9903863843384291,0.0564812061441808,0.4501196726784057,0.9294617953781013,181,FALSE,FALSE,FALSE,FALSE
Study4,slope_miss_acc,MAIA_BodyListen,58,0.09198731479568902,0.6913010244477802,0.4922323796629394,-0.17035611014304283,0.34215354379603946,0.9903863843384291,0.014870773779517066,0.8473730522323808,0.9784491404298497,170,TRUE,FALSE,FALSE,FALSE
Study4,arousal_conf_r,MAIA_BodyListen,61,0.08937991144129744,0.6892989726902236,0.4933372300189872,-0.16618118639689672,0.3336900497835229,0.9903863843384291,0.026121636353585633,0.7329952326436255,0.962396519053323,173,TRUE,FALSE,FALSE,FALSE
Study4,arousal_salience_diff,MAIA_SelfReg,63,-0.08714922041907348,-0.683256778986505,0.49703164864443006,-0.3278354565033684,0.16416045180906974,0.9903863843384291,0.040152299464124346,0.5914970268363442,0.9576618529731287,181,FALSE,FALSE,FALSE,FALSE
Study4,Awareness,MAIA_SelfReg,62,0.08761926378409382,0.6813162161235622,0.4982927349303514,-0.16577688413962677,0.33016203347117085,0.9903863843384291,-0.11113223305589257,0.13638463162128947,0.5796346843904803,181,FALSE,FALSE,FALSE,FALSE
Study4,mean_threshold,MAIA_BodyListen,63,0.08666090662137728,0.6793993085421975,0.49945488978251285,-0.16463918341840966,0.32739623727588074,0.9903863843384291,0.08103005948129252,0.27819657665566067,0.7791059902251557,181,TRUE,FALSE,FALSE,FALSE
Study4,conf_acc_r,MAIA_NotDistracting,62,0.08706648723060584,0.676984958524766,0.5010173573556548,-0.1663185518859536,0.32966563594998904,0.9903863843384291,0.05441553727235469,0.46688696547367925,0.9294617953781013,181,TRUE,FALSE,FALSE,FALSE
Study4,slope_miss_overall,MAIA_SelfReg,63,0.08632000511806948,0.6767066248922488,0.5011502213533816,-0.16497332524218183,0.3270895479836375,0.9903863843384291,-0.026251610591545457,0.7264821080225743,0.962396519053323,180,FALSE,FALSE,FALSE,FALSE
Study4,slope_miss_overall,MAIA_EmoAware,63,0.08488958798056163,0.6654107675473251,0.5082960817908767,-0.16637475033450108,0.3258021315918517,0.9903863843384291,-0.0102995460312652,0.8908538479925254,0.9886804325011017,180,FALSE,FALSE,FALSE,FALSE
Study4,arousal_conf_r,MAIA_total,61,-0.08556151361022954,-0.6596293900827171,0.5120584110151737,-0.3302662812844876,0.16992035720093007,0.9903863843384291,-0.0056387982208920325,0.9413050242798497,0.9962431358547761,173,TRUE,FALSE,FALSE,FALSE
Study4,conf_acc_r,BARQ_total,62,0.08329638247871572,0.6474610493358917,0.5198033077108716,-0.17000881758758252,0.3262764724261662,0.9903863843384291,0.01425483603744515,0.8489485189023696,0.9784491404298497,181,TRUE,FALSE,FALSE,FALSE
Study4,thresh_salience_diff,MAIA_BodyListen,62,-0.08310752810298627,-0.645982866998931,0.5207535700891741,-0.3261065359291352,0.1701934859537153,0.9903863843384291,-0.09848109454922693,0.1871835188161582,0.6573561424781281,181,TRUE,FALSE,FALSE,FALSE
Study4,arousal_conf_r,MAIA_EmoAware,61,0.08375962151080737,0.6456386420529385,0.521016582061459,-0.17168231114722396,0.3286483743218862,0.9903863843384291,0.051226058201827476,0.5032858455025194,0.9572989508859111,173,TRUE,FALSE,FALSE,FALSE
Study4,mean_threshold,PHQ4_Anxiety,63,-0.08223725753660836,-0.6444764976360291,0.5216827474307502,-0.32341259167360775,0.16897063940411747,0.9903863843384291,-0.036293897303962666,0.627632779397717,0.962396519053323,181,TRUE,FALSE,FALSE,FALSE
Study4,mean_threshold,SPANE_Pos,63,-0.0819264024030254,-0.6420238968679401,0.5232631700830788,-0.3231323342691966,0.1692746515728863,0.9903863843384291,-0.03291459313211195,0.6600299127516643,0.962396519053323,181,TRUE,FALSE,FALSE,FALSE
Study4,arousal_salience_diff,MAIA_NotDistracting,63,0.08173202854088006,0.6404904119090546,0.5242526048726857,-0.16946472232638485,0.3229570712868702,0.9903863843384291,-0.09634609731525899,0.19697164954279284,0.6697036084454956,181,FALSE,FALSE,FALSE,FALSE
Study4,thresh_salience_diff,SPANE_Neg,62,-0.0802290545278402,-0.6234613405845487,0.5353443894710833,-0.3235144587997884,0.17300595689063206,0.9903863843384291,0.010949079869235729,0.8836935316875142,0.9851009861434583,181,FALSE,FALSE,FALSE,FALSE
Study4,miss_rate,MAIA_AttentionReg,63,0.07913611830832196,0.6200173285786859,0.5375557395303072,-0.17200137348593425,0.32061480442978085,0.9903863843384291,-0.009612467129728165,0.8978090692197505,0.9886804325011017,181,FALSE,FALSE,FALSE,FALSE
Study4,slope_hit_dec,MAIA_EmoAware,63,-0.07801203903553128,-0.6111560513855903,0.5433671045069729,-0.3195996405496246,0.1730987600871441,0.9903863843384291,0.0329895476858644,0.6593041393126446,0.962396519053323,181,FALSE,FALSE,FALSE,FALSE
Study4,slope_hit_acc,BARQ_total,63,0.0773511207869995,0.6059470356149488,0.5467981556397762,-0.1737436930708763,0.3190025016288387,0.9903863843384291,0.054386166378142524,0.4671278238743489,0.9294617953781013,181,TRUE,FALSE,FALSE,FALSE
Study4,slope_miss_overall,PHQ4_Depression,63,-0.07625925659197032,-0.5973432839341211,0.5524892073060244,-0.31801558304264604,0.17480867733427824,0.9903863843384291,-0.03862500072646868,0.6066992805409424,0.962396519053323,180,TRUE,FALSE,FALSE,FALSE
Study4,arousal_conf_r,MAIA_NotDistracting,61,-0.07573310179143604,-0.5833924230221627,0.5618527238254839,-0.3214239121146219,0.17951112358229335,0.9903863843384291,0.12157989987791652,0.11105752519796953,0.548237048417462,173,FALSE,FALSE,FALSE,FALSE
Study4,Awareness,SPANE_Pos,62,0.07454244168971558,0.5790141794359465,0.5647471035506836,-0.1785500653514306,0.3183828862130058,0.9903863843384291,0.045297223303101875,0.5448463933489203,0.9574311391542774,181,TRUE,FALSE,FALSE,FALSE
Study4,slope_miss_dec,BARQ_total,62,0.0739373598267996,0.5742882179928964,0.5679196828054454,-0.1791390396119166,0.317836020697995,0.9903863843384291,0.0445141005382813,0.5620309398164047,0.9574311391542774,172,TRUE,FALSE,FALSE,FALSE
Study4,Awareness,MAIA_AttentionReg,62,-0.07358114991246839,-0.571506356949938,0.5697912497636,-0.3175140066741457,0.17948568222012484,0.9903863843384291,-0.08038247741016269,0.2820681663237513,0.7791059902251557,181,TRUE,FALSE,FALSE,FALSE
Study4,conf_acc_r,SPANE_Neg,62,0.07267085009627587,0.564398265589855,0.5745870506934831,-0.18037124723619016,0.31669083929844005,0.9903863843384291,-0.022226589818349757,0.7664717189438786,0.962396519053323,181,FALSE,FALSE,FALSE,FALSE
Study4,mean_threshold,MAIA_Noticing,63,-0.0719662796778395,-0.5635358239308068,0.5751359320425691,-0.3141301434800616,0.17899028009456128,0.9903863843384291,0.022429853211295436,0.7643984649270881,0.962396519053323,181,FALSE,FALSE,FALSE,FALSE
Study4,conf_acc_r,MAIA_EmoAware,62,-0.07193296993254833,-0.5586375573781645,0.5784880884919117,-0.31602331800750944,0.18108877670137746,0.9903863843384291,-0.1745282222361642,0.01878180363523071,0.3097606162330427,181,TRUE,TRUE,FALSE,FALSE
Study4,slope_hit_overall,MAIA_NotWorrying,63,-0.07067214228696143,-0.5533506754462967,0.5820458395160756,-0.3129572665794872,0.18024906715451652,0.9903863843384291,-0.009889343279111276,0.8948822847405373,0.9886804325011017,181,TRUE,FALSE,FALSE,FALSE
Study4,arousal_conf_r,BIPS_total,61,-0.070750457414861,-0.5448098432729737,0.5879378061090885,-0.31692472839131847,0.18435482690750324,0.9903863843384291,-3.605984820997086e-4,0.9962431358547761,0.9962431358547761,173,TRUE,FALSE,FALSE,FALSE
Study4,arousal_salience_diff,PHQ4_Anxiety,63,0.0689427879831683,0.5397446476816261,0.591338109282541,-0.18192990085428393,0.31138879814852405,0.9903863843384291,-0.025334621528065402,0.7349597357253255,0.962396519053323,181,FALSE,FALSE,FALSE,FALSE
Study4,thresh_salience_diff,MAIA_Trusting,62,0.06941030436409701,0.538949746639931,0.5919157465386231,-0.18353983428333706,0.31373936859045143,0.9903863843384291,-0.00517655383398727,0.9448611691543096,0.9962431358547761,181,FALSE,FALSE,FALSE,FALSE
Study4,Awareness,BARQ_total,62,0.06869842262224789,0.533395855779433,0.5957300294036578,-0.18423094011210878,0.3130943392626328,0.9903863843384291,0.00549319803314544,0.9414942140282655,0.9962431358547761,181,TRUE,FALSE,FALSE,FALSE
Study4,thresh_salience_diff,BARQ_total,62,0.068639927191158,0.5329395282379749,0.5960439347370974,-0.18428771726570223,0.31304132707802745,0.9903863843384291,0.04101912350372421,0.5835110724769681,0.9574311391542774,181,TRUE,FALSE,FALSE,FALSE
Study4,thresh_direction_diff,SPANE_Pos,63,-0.06744736026786266,-0.5279830286456915,0.59942661373944806,-0.3100314277090739,0.1833821902165329,0.9903863843384291,0.06081236260227437,0.4160853694577161,0.8982160356547523,181,FALSE,FALSE,FALSE,FALSE
Study4,slope_hit_dec,MAIA_total,63,-0.06689233889464652,-0.5236186697168517,0.6024410090668183,-0.30952739391877904,0.1839209225327725,0.9903863843384291,0.025554176519684002,0.732749637305095,0.962396519053323,181,FALSE,FALSE,FALSE,FALSE
Study4,slope_hit_acc,PHQ4_Depression,63,-0.06478067361224855,-0.5070182135750346,0.6139700820704621,-0.30760847182377393,0.18596923721445827,0.9903863843384291,0.02935837086589941,0.6948183679403385,0.962396519053323,181,FALSE,FALSE,FALSE,FALSE
Study4,mean_threshold,MAIA_total,63,0.06306742165912292,0.4935548446722139,0.6233929812009043,-0.18762949118101888,0.3060501449847257,0.9903863843384291,0.09794205381269222,0.18962052635456733,0.6573561424781281,181,TRUE,FALSE,FALSE,FALSE
Study4,arousal_salience_diff,MAIA_BodyListen,63,0.062128482341958745,0.48617817760536985,0.6285829015846163,-0.18853877795450485,0.30519555892046785,0.9903863843384291,0.047833534870494486,0.5225353811868778,0.9574311391542774,181,TRUE,FALSE,FALSE,FALSE
Study4,Awareness,SPANE_Neg,62,0.061948392055719365,0.4807735773989734,0.6324259425229851,-0.19077156925896158,0.3069669750116156,0.9903863843384291,-0.058536806128380525,0.43377536482743906,0.921772650258308,181,FALSE,FALSE,FALSE,FALSE
Study4,thresh_direction_diff,SPANE_Neg,63,0.06023162182608492,0.47127964711241715,0.6391222419329909,-0.1903744236980505,0.30346791503379866,0.9903863843384291,0.0781476981566295,0.2957061078393934,0.7804933825129019,181,TRUE,FALSE,FALSE,FALSE
Study4,miss_rate,MAIA_BodyListen,63,0.059802466308522734,0.4679096433375176,0.6415167048283505,-0.190789486726675,0.30307682198800606,0.9903863843384291,0.04495886408080445,0.5478578973145458,0.9574311391542774,181,TRUE,FALSE,FALSE,FALSE
Study4,mean_arousal_overall,SPANE_Pos,63,0.058138102851344395,0.45484244220282943,0.6508372376591238,-0.19239834912120163,0.30155929795314085,0.9903863843384291,0.11840951639200233,0.11237892396151643,0.548237048417462,181,TRUE,FALSE,FALSE,FALSE
Study4,slope_hit_dec,SPANE_Pos,63,0.05671080372285778,0.44363950881041564,0.658872890671233,-0.1937769805824535,0.30025694006233533,0.9903863843384291,0.10530159649000315,0.15830403325956874,0.6228045960270737,181,TRUE,FALSE,FALSE,FALSE
Study4,mean_threshold,MAIA_NotDistracting,63,0.05636149135199697,0.44089815903260127,0.660845417780326,-0.19411423157118735,0.2999380670191558,0.9903863843384291,0.11135936142482726,0.1355803543254963,0.5796346843904803,181,TRUE,FALSE,FALSE,FALSE
Study4,slope_miss_dec,MAIA_NotWorrying,62,0.05671721266948389,0.4400379767043533,0.661490712631855,-0.19582507869899457,0.30220434144479014,0.9903863843384291,-0.04974012672411006,0.5169977786346817,0.9574311391542774,172,FALSE,FALSE,FALSE,FALSE
Study4,slope_miss_dec,SPANE_Neg,62,-0.05642536073535089,-0.43776640544814993,0.6631275202569296,-0.30193826863037587,0.19610662378719124,0.9903863843384291,0.021252808625126792,0.7819899012423299,0.962396519053323,172,FALSE,FALSE,FALSE,FALSE
Study4,slope_miss_overall,MAIA_BodyListen,63,0.05580522365641041,0.4365329905470845,0.6639913406689276,-0.19465116974860291,0.2994301605045139,0.9903863843384291,0.006742410390788505,0.9284225115086158,0.9962431358547761,180,TRUE,FALSE,FALSE,FALSE
Study4,slope_hit_acc,BIPS_total,63,0.055687952808344536,0.4356127897393712,0.6646552955559522,-0.1947643464457054,0.2993230674040611,0.9903863843384291,0.0562964317586792,0.4516055915793944,0.9294617953781013,181,TRUE,FALSE,FALSE,FALSE
Study4,conf_acc_r,SPANE_Pos,62,0.055782376761061035,0.43276226445707455,0.6667391261145117,-0.1967267536971709,0.30135194408449145,0.9903863843384291,-0.0478660484718319,0.5222524224002072,0.9574311391542774,181,FALSE,FALSE,FALSE,FALSE
Study4,thresh_direction_diff,MAIA_BodyListen,63,0.055093335212693224,0.43094722231939314,0.6680257956637906,-0.1953381021783949,0.2987799612225349,0.9903863843384291,0.1242213708453879,0.095691764010482,0.548237048417462,181,TRUE,FALSE,FALSE,FALSE
Study4,conf_acc_r,MAIA_AttentionReg,62,-0.05442771755475925,-0.4222211401486677,0.6743727774988808,-0.30011604869708275,0.19803260236569567,0.9903863843384291,-0.1548285516076629,0.03742107718120507,0.41953130748872874,181,TRUE,TRUE,FALSE,FALSE
Study4,Awareness,PHQ4_Depression,62,0.05380770187666092,0.4173973432733596,0.677877619625973,-0.1986299790914984,0.29955011489155314,0.9903863843384291,-0.056986199953490156,0.4460726581603929,0.9294617953781013,181,FALSE,FALSE,FALSE,FALSE
Study4,thresh_salience_diff,PHQ4_Depression,62,-0.05329290611140003,-0.41339253816429833,0.6807928475391369,-0.2990800915848726,0.19912583537105805,0.9903863843384291,-0.08345174223301981,0.2640373438301248,0.7791059902251557,181,TRUE,FALSE,FALSE,FALSE
Study4,conf_acc_r,PHQ4_Depression,62,0.05244682854756892,0.4068112740814587,0.6855941814831835,-0.1999405048149242,0.2983073393118425,0.9903863843384291,-0.04457712763162457,0.551265237733121,0.9574311391542774,181,FALSE,FALSE,FALSE,FALSE
Study4,Awareness,MAIA_Noticing,62,0.05225097175357948,0.40528791623179594,0.6867074072992806,-0.20012904127934694,0.2981284104888494,0.9903863843384291,-0.07999699750082119,0.2843898934650483,0.7791059902251557,181,FALSE,FALSE,FALSE,FALSE
Study4,slope_hit_overall,MAIA_SelfReg,63,-0.04962542502466484,-0.38806509488985336,0.699318854002462,-0.29377832263514697,0.20060614970436086,0.9903863843384291,-0.11538452332253214,0.12192211088929647,0.548237048417462,181,TRUE,FALSE,FALSE,FALSE
Study4,Awareness,MAIA_BodyListen,62,-0.050005891640814426,-0.38782917531161293,0.6995149798340833,-0.29607613840586544,0.2022888751771569,0.9903863843384291,-0.1890550268978032,0.010806888489522203,0.2565327730012103,181,TRUE,TRUE,FALSE,FALSE
Study4,arousal_salience_diff,PHQ4_Depression,63,-0.0494125359803511,-0.3863962436968037,0.7005477749233695,-0.2935833167558918,0.20081096497584927,0.9903863843384291,-0.0676160337981053,0.36577597324226874,0.8280804010889147,181,TRUE,FALSE,FALSE,FALSE
Study4,thresh_salience_diff,MAIA_AttentionReg,62,-0.049087649829890175,-0.3806902323086392,0.7047776527785543,-0.2952361002649526,0.20317154451619138,0.9903863843384291,0.01751982897903668,0.8149149798994788,0.9698366158213383,181,FALSE,FALSE,FALSE,FALSE
Study4,conf_acc_r,MAIA_Noticing,62,0.04891679739104812,0.37936203393552353,0.7057583812053028,-0.2033357329441112,0.29507975676881315,0.9903863843384291,-0.1755887351591643,0.018062343384212896,0.3097606162330427,181,FALSE,FALSE,FALSE,FALSE
Study4,arousal_salience_diff,MAIA_NotWorrying,63,-0.04674810095616081,-0.3655139531332816,0.7159922240400267,-0.2911409803537689,0.20337250300100435,0.9903863843384291,-0.1055418346003157,0.15735155843221632,0.6228045960270737,181,TRUE,FALSE,FALSE,FALSE
Study4,slope_miss_acc,PHQ4_Anxiety,58,0.04793730606753289,0.359142840525775,0.7208388848278686,-0.21299578336917369,0.30248767742854094,0.9903863843384291,-0.10181276292331429,0.18646212617307223,0.6573561424781281,170,FALSE,FALSE,FALSE,FALSE
Study4,mean_threshold,PHQ4_Depression,63,0.045280098828107594,0.3540119765458534,0.7245506699854598,-0.20478235140732906,0.2897939836261083,0.9903863843384291,0.0825928499114058,0.26900167347784093,0.7791059902251557,181,TRUE,FALSE,FALSE,FALSE
Study4,slope_miss_acc,MAIA_total,58,-0.04708399945863467,-0.35273559598530496,0.7256108952118514,-0.3017104925747952,0.21381207191089516,0.9903863843384291,0.02492032262114886,0.7470178016315902,0.962396519053323,170,FALSE,FALSE,FALSE,FALSE
Study4,miss_rate,MAIA_NotDistracting,63,0.044276819663226864,0.3461524879154648,0.7304192275200638,-0.20574528996268016,0.28887284583354017,0.9903863843384291,0.15923740931815056,0.032261202871734174,0.40642194752323313,181,TRUE,TRUE,FALSE,FALSE
Study4,miss_rate,SPANE_Pos,63,0.04396575461941576,0.34371588072100245,0.732241912506699,-0.20604374917173857,0.2885871565840723,0.9903863843384291,-0.10263314656032418,0.1691764382581203,0.6481125522001228,181,FALSE,FALSE,FALSE,FALSE
Study4,thresh_direction_diff,PHQ4_Anxiety,63,-0.04330143836249484,-0.3385125518217323,0.7361393963264111,-0.2879768874619938,0.20668098846815117,0.9903863843384291,0.0419400022161023,0.5750821123832928,0.9574311391542774,181,FALSE,FALSE,FALSE,FALSE
Study4,miss_rate,MAIA_SelfReg,63,-0.04307010854699847,-0.3367007419889913,0.7374981492034005,-0.287764331410666,0.20690283970575107,0.9903863843384291,0.026818719761704073,0.7200636556001359,0.962396519053323,181,FALSE,FALSE,FALSE,FALSE
Study4,thresh_salience_diff,BIPS_total,62,0.04342135276281859,0.3366578716862204,0.7375495222651395,-0.2086092745213439,0.2900439495803618,0.9903863843384291,0.008961698212929912,0.9046935362644893,0.9919155043727604,181,TRUE,FALSE,FALSE,FALSE
Study4,arousal_conf_r,SPANE_Neg,61,-0.04131682659994702,-0.317631794221818,0.7518856874651024,-0.29011904123723703,0.21271711352556832,0.9903863843384291,-0.02600287826304156,0.7341634702131101,0.962396519053323,173,TRUE,FALSE,FALSE,FALSE
Study4,slope_miss_acc,BARQ_total,58,-0.04176678076782443,-0.3128269443324051,0.7555741969562841,-0.2968599758984936,0.21889042406124054,0.9903863843384291,0.015149145929780576,0.8445517354256347,0.9784491404298497,170,FALSE,FALSE,FALSE,FALSE
Study4,miss_rate,MAIA_total,63,0.039939583521049954,0.31218721451940895,0.7559629139987986,-0.20990256793024542,0.2848854942805896,0.9903863843384291,0.05428746516591872,0.4679377315667941,0.9294617953781013,181,TRUE,FALSE,FALSE,FALSE
Study4,thresh_direction_diff,BIPS_total,63,-0.03894138034818894,-0.3043727709692227,0.7618798705616361,-0.28396661458151107,0.21085807708398918,0.9903863843384291,0.03182672571777232,0.670598993844074,0.962396519053323,181,FALSE,FALSE,FALSE,FALSE
Study4,mean_threshold,MAIA_NotWorrying,63,-0.03888012779208296,-0.3038932846777893,0.7622433979893107,-0.28391021487737533,0.2109166942743542,0.9903863843384291,-0.052645325712072075,0.4815251140499497,0.940015724405592,181,TRUE,FALSE,FALSE,FALSE
Study4,slope_miss_dec,PHQ4_Depression,62,-0.03816492607546829,-0.2958397791403152,0.7683739273862057,-0.28521435573324205,0.21363977319415042,0.9903863843384291,0.13979215594442643,0.06740266354982472,0.548237048417462,172,FALSE,FALSE,FALSE,FALSE
Study4,slope_hit_dec,MAIA_BodyListen,63,0.03776108851906553,0.2951340202004858,0.7688937077167304,-0.2119872712239682,0.2828795351238219,0.9903863843384291,-0.002361556614188962,0.9748297841719301,0.9962431358547761,181,FALSE,FALSE,FALSE,FALSE
Study4,Awareness,MAIA_total,62,-0.037802883624795315,-0.2930293302475357,0.7705108133452945,-0.28488124944897336,0.21398576373506925,0.9903863843384291,-0.15302196051432285,0.03972810028456627,0.41953130748872874,181,TRUE,TRUE,FALSE,FALSE
Study4,mean_Confidence,PHQ4_Anxiety,63,-0.03716966816754162,-0.2905051367787384,0.7724151880562519,-0.282334584675393,0.21255283687337512,0.9903863843384291,0.011594850465589765,0.8768865713126224,0.9827671204101989,181,FALSE,FALSE,FALSE,FALSE
Study4,slope_hit_dec,MAIA_Trusting,63,-0.036338963131839146,-0.2840039534535663,0.777369148981429,-0.28156888365584887,0.21334694412033414,0.9903863843384291,0.07589306222042166,0.30990178423306397,0.7804933825129019,181,FALSE,FALSE,FALSE,FALSE
Study4,mean_arousal_overall,PHQ4_Anxiety,63,-0.03555527471649791,-0.2778712676868457,0.7820508327346402,-0.2808462337146465,0.21409580380443213,0.9903863843384291,-0.12119113810200208,0.10412851114754244,0.548237048417462,181,TRUE,FALSE,FALSE,FALSE
Study4,slope_miss_acc,MAIA_Noticing,58,-0.03704687472490424,-0.27742386840652483,0.7824762433856653,-0.2925432878975397,0.223386496981985,0.9903863843384291,0.0172179991976071,0.8236480082894453,0.9698366158213383,170,FALSE,FALSE,FALSE,FALSE
Study4,miss_rate,MAIA_Trusting,63,-0.03543519784341854,-0.2769316621553814,0.7827688464596427,-0.28073548458920144,0.2142105182929435,0.9903863843384291,-0.12715655675180607,0.08804613922800766,0.548237048417462,181,TRUE,FALSE,FALSE,FALSE
Study4,mean_arousal_overall,BIPS_total,63,-0.034718387090841504,-0.271322842549141,0.7870588356445004,-0.2800742208306435,0.2148951745350332,0.9903863843384291,-0.05264778697287954,0.48150459105035903,0.940015724405592,181,TRUE,FALSE,FALSE,FALSE
Study4,slope_hit_dec,PHQ4_Anxiety,63,-0.034581712139621905,-0.27025345172380777,0.7878775318675029,-0.27994811063909775,0.2150256907128835,0.9903863843384291,0.021336275577673838,0.7755721488756713,0.962396519053323,181,FALSE,FALSE,FALSE,FALSE
Study4,slope_miss_acc,MAIA_Trusting,58,0.035252300609434635,0.26396813280079595,0.7927734734961263,-0.22509306372900245,0.29089928613049604,0.9903863843384291,0.022099554374603248,0.7748383123930613,0.962396519053323,170,TRUE,FALSE,FALSE,FALSE
Study4,arousal_salience_diff,BARQ_total,63,-0.03373454438408288,-0.2636252623868348,0.7929572164484344,-0.27916623865919854,0.21583448498546673,0.9903863843384291,0.04213917693302737,0.5732665686160017,0.9574311391542774,181,FALSE,FALSE,FALSE,FALSE
Study4,mean_arousal_overall,BARQ_total,63,0.03315908075778044,0.2591231950903479,0.7964126487624399,-0.2163836870395292,0.27863494343074136,0.9903863843384291,-0.08162096646530242,0.2746952577760683,0.7791059902251557,181,FALSE,FALSE,FALSE,FALSE
Study4,slope_hit_dec,BIPS_total,63,0.033151667430096954,0.25906519954658563,0.7964571884326774,-0.2163907610260611,0.27862809811573,0.9903863843384291,0.04794601150182567,0.5215568539319135,0.9574311391542774,181,TRUE,FALSE,FALSE,FALSE
Study4,arousal_salience_diff,MAIA_Noticing,63,-0.03295391181913447,-0.25751814432876025,0.7976455529805673,-0.27844548542594555,0.21657945480712554,0.9903863843384291,-0.01896375423033591,0.7999696140479076,0.9670743778712483,181,TRUE,FALSE,FALSE,FALSE
Study4,miss_rate,PHQ4_Depression,63,-0.032865601618399215,-0.2568272975808348,0.7981763797099557,-0.2783639317497436,0.21666371231486029,0.9903863843384291,0.12563604221889146,0.0919434688326153,0.548237048417462,181,FALSE,FALSE,FALSE,FALSE
Study4,miss_rate,BARQ_total,63,0.03222799201425091,0.25183948387962385,0.8020116949736686,-0.217271950721881,0.27777499994837873,0.9903863843384291,-0.034395365784987475,0.6457513552872969,0.962396519053323,181,FALSE,FALSE,FALSE,FALSE
Study4,arousal_conf_r,SPANE_Pos,61,-0.03227202277668451,-0.24801529608478484,0.8049837470957723,-0.2818026182258952,0.221347555706899,0.9903863843384291,-0.046650042151839814,0.5422134692600377,0.9574311391542774,173,TRUE,FALSE,FALSE,FALSE
Study4,slope_miss_acc,MAIA_EmoAware,58,0.032671118171370445,0.24461884945696394,0.8076456813943428,-0.22754486499355348,0.28853202559049823,0.9903863843384291,0.07032688006278456,0.3621298957897896,0.8277254760909476,170,TRUE,FALSE,FALSE,FALSE
Study4,thresh_salience_diff,PHQ4_Anxiety,62,-0.030667216351492443,-0.2376590192546733,0.8129552595317606,-0.27830369747146144,0.22079218727592695,0.9903863843384291,-0.054261851221672645,0.4681480366426466,0.9294617953781013,181,TRUE,FALSE,FALSE,FALSE
Study4,thresh_direction_diff,MAIA_Noticing,63,-0.030078296481671492,-0.23502534357912325,0.8149762446566227,-0.2757880601363604,0.2193211946853468,0.9903863843384291,0.0979156273758404,0.18974059382714234,0.6573561424781281,181,FALSE,FALSE,FALSE,FALSE
Study4,conf_acc_r,BIPS_total,62,0.029581637545750435,0.22923870141977618,0.8194630250253623,-0.22182553475282152,0.277300987360108,0.9903863843384291,0.04118723775353857,0.5819680415440944,0.9574311391542774,181,TRUE,FALSE,FALSE,FALSE
Study4,conf_acc_r,MAIA_BodyListen,62,0.029452051727667385,0.2282336207672062,0.8202406782306949,-0.22194884798827194,0.27718125753623984,0.9903863843384291,-0.23652841583063447,0.0013472023296220515,0.08505836910091813,181,FALSE,FALSE,FALSE,FALSE
Study4,slope_miss_acc,BIPS_total,58,-0.029508957045031356,-0.22092102179856965,0.8259574544405933,-0.28562766672775064,0.23054403342865176,0.9903863843384291,-0.01732788191531527,0.8225410746892422,0.9698366158213383,170,TRUE,FALSE,FALSE,FALSE
Study4,arousal_salience_diff,MAIA_total,63,0.024774312568701884,0.1935529739992944,0.8471689881180484,-0.22436793741855143,0.2708766480973873,0.9903863843384291,-0.022991711671882926,0.7586763458414207,0.962396519053323,181,FALSE,FALSE,FALSE,FALSE
Study4,thresh_salience_diff,MAIA_total,62,0.023582886505516685,0.1827230713991223,0.8556313248333971,-0.22752549944740696,0.2717504099483676,0.9903863843384291,0.006049136450770222,0.9355853285584265,0.9962431358547761,181,TRUE,FALSE,FALSE,FALSE
Study4,arousal_salience_diff,SPANE_Pos,63,-0.023196021310465494,-0.18121547646522668,0.8567992302541659,-0.2694126954767166,0.22586710659984555,0.9903863843384291,0.05115726377136368,0.49401916729614814,0.9462902359475514,181,FALSE,FALSE,FALSE,FALSE
Study4,slope_miss_dec,MAIA_Noticing,62,0.02281387320643333,0.17676150774835336,0.8602910434851592,-0.22825496741019052,0.2710376545368868,0.9903863843384291,-0.12561612180149118,0.10060295423740209,0.548237048417462,172,FALSE,FALSE,FALSE,FALSE
Study4,miss_rate,SPANE_Neg,63,-0.020177847908588658,-0.15762612174209212,0.8752720346406709,-0.2666100000025153,0.22873069318405395,0.9903863843384291,0.12877812171178146,0.08403653355080919,0.548237048417462,181,FALSE,FALSE,FALSE,FALSE
Study4,Awareness,MAIA_NotWorrying,62,-0.02018447647368542,-0.1563801413726083,0.8762583819928758,-0.2685985555631522,0.2307470235977729,0.9903863843384291,0.11661731995767821,0.11795972605458888,0.548237048417462,181,FALSE,FALSE,FALSE,FALSE
Study4,slope_hit_dec,SPANE_Neg,63,-0.016751515381704263,-0.13085187825561703,0.8963230747856878,-0.2634232259877089,0.23197632120135064,0.9903863843384291,-0.03215859263953,0.6673677918617599,0.962396519053323,181,TRUE,FALSE,FALSE,FALSE
Study4,slope_miss_acc,MAIA_SelfReg,58,0.017333047146210267,0.12972813664918062,0.8972463750155512,-0.24204638217417723,0.27440031730213627,0.9903863843384291,6.873948593174308e-4,0.9929017868397003,0.9962431358547761,170,TRUE,FALSE,FALSE,FALSE
Study4,slope_miss_dec,BIPS_total,62,0.01638464486497344,0.1269319523941477,0.8994186889208656,-0.2343425727813683,0.2650680926326296,0.9903863843384291,0.04200334331275692,0.5843145922779781,0.9574311391542774,172,TRUE,FALSE,FALSE,FALSE
Study4,miss_rate,MAIA_NotWorrying,63,-0.016205038603211937,-0.12658201901652527,0.8996875496286924,-0.26291445886554615,0.2324934652427303,0.9903863843384291,-0.028769015101215423,0.7006482109741611,0.962396519053323,181,TRUE,FALSE,FALSE,FALSE
Study4,thresh_salience_diff,MAIA_Noticing,62,0.015528823495003171,0.12030025530321513,0.9046472403224173,-0.23515143906801722,0.2642720190697316,0.9903863843384291,-0.002238607972091634,0.9761398115596419,0.9962431358547761,181,FALSE,FALSE,FALSE,FALSE
Study4,slope_miss_overall,BIPS_total,63,0.015176904106097145,0.11854906436420147,0.9060221507236448,-0.2334660324868108,0.2619568988064837,0.9903863843384291,-0.12642612127156966,0.09080621818767663,0.548237048417462,180,FALSE,FALSE,FALSE,FALSE
Study4,mean_threshold,MAIA_Trusting,63,0.014896176965820265,0.11635577148102959,0.9077528135412005,-0.23373150082221517,0.26169535719819725,0.9903863843384291,0.036465881452662,0.6260021847369215,0.962396519053323,181,TRUE,FALSE,FALSE,FALSE
Study4,arousal_conf_r,MAIA_SelfReg,61,-0.015059501049441251,-0.11568734147827,0.9082931943244186,-0.26587197516971517,0.23766252427589474,0.9903863843384291,9.914557597894282e-4,0.9896708519428687,0.9962431358547761,173,FALSE,FALSE,FALSE,FALSE
Study4,mean_threshold,MAIA_SelfReg,63,-0.014411840420214359,-0.11257176322031882,0.9107397135147297,-0.26124403608481983,0.23418942433011714,0.9903863843384291,0.061724228930118724,0.4091168402183616,0.8902382443151549,181,FALSE,FALSE,FALSE,FALSE
Study4,slope_miss_overall,BARQ_total,63,0.01390331587378453,0.1085988650038796,0.9138771043068791,-0.23467009807702321,0.26077005960954236,0.9903863843384291,-0.1173535976291757,0.11666635450154281,0.548237048417462,180,FALSE,FALSE,FALSE,FALSE
Study4,slope_hit_acc,PHQ4_Anxiety,63,-0.013840848644543912,-0.10811083948394525,0.9142625930959132,-0.2607118280615765,0.234729135727907,0.9903863843384291,0.0133017614895983,0.8589390095826427,0.9827671204101989,181,FALSE,FALSE,FALSE,FALSE
Study4,slope_hit_acc,MAIA_Trusting,63,-0.012643377687684745,-0.09875583010965572,0.9216559532803487,-0.25959520598572333,0.23586050868569505,0.9903863843384291,-0.08603551021493458,0.24948266387643053,0.7731432352286772,181,TRUE,FALSE,FALSE,FALSE
Study4,conf_acc_r,MAIA_NotWorrying,62,0.011681749592931145,0.09049261792607355,0.9281971828244839,-0.2387831577965133,0.2606893313163853,0.9903863843384291,0.1878842947517912,0.011315235738080147,0.2565327730012103,181,TRUE,TRUE,FALSE,FALSE
Study4,slope_miss_acc,MAIA_AttentionReg,58,0.011312431669219383,0.08465990421930583,0.9328337117150868,-0.24770713187992754,0.2688227191137741,0.9903863843384291,0.016445694579709437,0.8314377230360973,0.9739974151824222,170,TRUE,FALSE,FALSE,FALSE
Study4,slope_hit_overall,MAIA_NotDistracting,63,-0.010475006897899186,-0.08181690806417384,0.9350601805347287,-0.2575715538675238,0.23790747683133448,0.9903863843384291,0.09788371481965305,0.18988566129373466,0.6573561424781281,181,FALSE,FALSE,FALSE,FALSE
Study4,arousal_salience_diff,MAIA_AttentionReg,63,0.010143290427096123,0.07922570649720638,0.9371124311891695,-0.23822042671458463,0.25726178511737524,0.9903863843384291,0.017262470224112696,0.8175859698045,0.9698366158213383,181,TRUE,FALSE,FALSE,FALSE
Study4,mean_threshold,BARQ_total,63,-0.010129018183918051,-0.07911421953346127,0.9372007393904201,-0.2572484560446127,0.23823389036013898,0.9903863843384291,-0.015652321387179705,0.8343433740349425,0.9739974151824222,181,TRUE,FALSE,FALSE,FALSE
Study4,slope_hit_overall,MAIA_AttentionReg,63,-0.010070022597597263,-0.07865337876726386,0.9375657771737129,-0.25719335813937877,0.23828954252346787,0.9903863843384291,-0.1048064992582529,0.16028059456579102,0.6228045960270737,181,TRUE,FALSE,FALSE,FALSE
Study4,Awareness,BIPS_total,62,0.009247200387129251,0.07163156889559993,0.9431333559883424,-0.24107780927306913,0.2584185449856896,0.9924413686719482,0.030719612414093565,0.6814218160976353,0.962396519053323,181,TRUE,FALSE,FALSE,FALSE
Study4,slope_hit_acc,MAIA_SelfReg,63,-0.008623928108480207,-0.06735753652280681,0.9465173687419466,-0.2558423006975695,0.23965317354062757,0.9924413686719482,0.023217834820160196,0.7563771201158405,0.962396519053323,181,FALSE,FALSE,FALSE,FALSE
Study4,arousal_salience_diff,MAIA_Trusting,63,-0.007466534519077001,-0.05831712439512338,0.9536866486703612,-0.25476027456129435,0.2407438615020154,0.9924413686719482,-0.001954096599549331,0.9791715413040134,0.9962431358547761,181,TRUE,FALSE,FALSE,FALSE
Study4,arousal_conf_r,MAIA_AttentionReg,61,0.007558095721003558,0.05805649306614741,0.9538998143791104,-0.24472843129062402,0.25888610062241496,0.9924413686719482,-0.07576840748776013,0.32179395319188897,0.7910078437735423,173,FALSE,FALSE,FALSE,FALSE
Study4,slope_hit_acc,SPANE_Neg,63,-0.006417650028665819,-0.05012448128635289,0.9601869608091461,-0.25377915642712784,0.24173175303993186,0.9924413686719482,0.12783845133941238,0.08634178141996604,0.548237048417462,181,FALSE,FALSE,FALSE,FALSE
Study4,slope_hit_overall,PHQ4_Depression,63,-0.004832365047899788,-0.03774241822758897,0.9700163029588296,-0.25229532693871176,0.24322387756880173,0.9924413686719482,0.08976541903626727,0.2294677774008639,0.75713115839315,181,FALSE,FALSE,FALSE,FALSE
Study4,arousal_conf_r,PHQ4_Depression,61,0.004131400832269499,0.031734162763530915,0.9747911612465371,-0.24794729569159613,0.2556861310338739,0.9924413686719482,0.02861792571269457,0.7085845141594054,0.962396519053323,173,TRUE,FALSE,FALSE,FALSE
Study4,thresh_direction_diff,MAIA_AttentionReg,63,-0.0037247096724163293,-0.029091114309772476,0.9768868921659701,-0.25125786847786336,0.24426574449381006,0.9924413686719482,0.11714919836437729,0.11628144091648816,0.548237048417462,181,FALSE,FALSE,FALSE,FALSE
Study4,slope_hit_dec,MAIA_NotWorrying,63,-0.003567244123163768,-0.027861244527764877,0.9778637702814119,-0.25111033601276334,0.24441381101455256,0.9924413686719482,-0.0207892602508023,0.7811787997401456,0.962396519053323,181,TRUE,FALSE,FALSE,FALSE
Study4,mean_threshold,BIPS_total,63,-0.0033732985909074153,-0.026346454126837025,0.9790670057168039,-0.2509286089505198,0.24459616415731683,0.9924413686719482,-0.0027917057132902123,0.9702470646579762,0.9962431358547761,181,TRUE,FALSE,FALSE,FALSE
Study4,conf_acc_r,MAIA_total,62,0.002609020661427914,0.02020945592612998,0.9839433421840602,-0.24732034844481748,0.25221286874616966,0.9924413686719482,-0.18787890854615372,0.011317622338288688,0.2565327730012103,181,FALSE,FALSE,FALSE,FALSE
Study4,slope_hit_acc,MAIA_NotWorrying,63,-0.0017539990718033593,-0.013699191754977975,0.9891146754008281,-0.24941064312138195,0.2461179916322971,0.9924413686719482,-0.13849538104481648,0.06298089748014565,0.548237048417462,181,TRUE,FALSE,FALSE,FALSE
Study4,thresh_salience_diff,SPANE_Pos,62,-0.0012813447002991167,-0.009925261517889302,0.992113845261638,-0.25096922742076067,0.24856640898704482,0.9924413686719482,-0.030492778913943294,0.6836474133524495,0.962396519053323,181,TRUE,FALSE,FALSE,FALSE
Study4,thresh_direction_diff,BARQ_total,63,-0.0012179356271371877,-0.009512388392308434,0.9924413686719482,-0.24890785756539274,0.24662151817754951,0.9924413686719482,-0.10943812903752584,0.14249920083017792,0.5944637141049351,181,TRUE,FALSE,FALSE,FALSE
