label,predictor,outcome,control,r,t_stat,df,p,ci_lo,ci_hi,n
thresh_breath_mean,MAIA_total_z,thresh_breath_mean,none,0.0800937044852102,1.0750344550282067,179,0.28380623044073655,-0.06654140626210878,0.2233423101946299,181
thresh_breath_mean,MAIA_total_z,thresh_breath_mean,MSES_total_z,0.0883892496076267,1.1838934214231127,178,0.23803382052134126,NA,NA,181
thresh_breath_mean,MAIA_total_z,thresh_breath_mean,MSES_selfdoubt_z,0.09178043895155871,1.229693992658622,178,0.2204346008877833,NA,NA,181
thresh_breath_mean,MAIA_total_z,thresh_breath_mean,MSES_total_z,0.09090786508452503,1.2144792673359548,177,0.2261825469823486,NA,NA,181
thresh_breath_mean,MAIA_total_z,thresh_breath_mean,MSES_selfdoubt_z,0.09090786508452503,1.2144792673359548,177,0.2261825469823486,NA,NA,181
thresh_breath_mean,MAIA_BodyListen_z,thresh_breath_mean,none,0.021024114024001072,0.28134566116298027,179,0.7787702580645843,-0.1252176244677195,0.16637168512977862,181
thresh_breath_mean,MAIA_BodyListen_z,thresh_breath_mean,MSES_total_z,0.02075760090192395,0.27700062117656987,178,0.7821010399442092,NA,NA,181
thresh_breath_mean,MAIA_BodyListen_z,thresh_breath_mean,MSES_selfdoubt_z,0.022514298366286115,0.3004543642966535,178,0.7641812257201009,NA,NA,181
thresh_breath_mean,MAIA_BodyListen_z,thresh_breath_mean,MSES_total_z,0.020917133918260115,0.2783452654710685,177,0.7810722296932711,NA,NA,181
thresh_breath_mean,MAIA_BodyListen_z,thresh_breath_mean,MSES_selfdoubt_z,0.020917133918260115,0.2783452654710685,177,0.7810722296932711,NA,NA,181
thresh_breath_mean,MAIA_Noticing_z,thresh_breath_mean,none,0.06316036496454551,0.8467186572499737,179,0.39828254320058676,-0.08346631744239613,0.20711013244872895,181
thresh_breath_mean,MAIA_Noticing_z,thresh_breath_mean,MSES_total_z,0.06307297527905481,0.843177283070321,178,0.40026091570640143,NA,NA,181
thresh_breath_mean,MAIA_Noticing_z,thresh_breath_mean,MSES_selfdoubt_z,0.06386238251333058,0.8537732486720737,178,0.39437813894998264,NA,NA,181
thresh_breath_mean,MAIA_Noticing_z,thresh_breath_mean,MSES_total_z,0.0643509435198677,0.8579117883608033,177,0.39210137112190446,NA,NA,181
thresh_breath_mean,MAIA_Noticing_z,thresh_breath_mean,MSES_selfdoubt_z,0.0643509435198677,0.8579117883608033,177,0.39210137112190446,NA,NA,181
thresh_breath_Low_Faster,MAIA_total_z,thresh_breath_Low_Faster,none,-0.060013534370111456,-0.8021261964351108,178,0.42354955458010846,-0.20448195401792846,0.08701356843668533,180
thresh_breath_Low_Faster,MAIA_total_z,thresh_breath_Low_Faster,MSES_total_z,-0.04938254201845445,-0.6577945407525628,177,0.5115247293298785,NA,NA,180
thresh_breath_Low_Faster,MAIA_total_z,thresh_breath_Low_Faster,MSES_selfdoubt_z,-0.06684051647212784,-0.8912483578425944,177,0.3740058669071086,NA,NA,180
thresh_breath_Low_Faster,MAIA_total_z,thresh_breath_Low_Faster,MSES_total_z,-0.05581225773373458,-0.7415891994924481,176,0.4593246821174337,NA,NA,180
thresh_breath_Low_Faster,MAIA_total_z,thresh_breath_Low_Faster,MSES_selfdoubt_z,-0.05581225773373458,-0.7415891994924481,176,0.4593246821174337,NA,NA,180
thresh_breath_Low_Faster,MAIA_BodyListen_z,thresh_breath_Low_Faster,none,-0.03435614357896441,-0.4586388820535981,178,0.647053008739565,-0.1797163779268387,0.11247235185153982,180
thresh_breath_Low_Faster,MAIA_BodyListen_z,thresh_breath_Low_Faster,MSES_total_z,-0.028166889043346376,-0.3748848271674878,177,0.7081949222962725,NA,NA,180
thresh_breath_Low_Faster,MAIA_BodyListen_z,thresh_breath_Low_Faster,MSES_selfdoubt_z,-0.035032551050811545,-0.46636404531896053,177,0.6415283991098413,NA,NA,180
thresh_breath_Low_Faster,MAIA_BodyListen_z,thresh_breath_Low_Faster,MSES_total_z,-0.02930264780696251,-0.3889105565006401,176,0.6978124152888101,NA,NA,180
thresh_breath_Low_Faster,MAIA_BodyListen_z,thresh_breath_Low_Faster,MSES_selfdoubt_z,-0.02930264780696251,-0.3889105565006401,176,0.6978124152888101,NA,NA,180
thresh_breath_Low_Faster,MAIA_Noticing_z,thresh_breath_Low_Faster,none,-0.03279538126964958,-0.4377804476324168,178,0.6620761950891247,-0.17820389669202913,0.11401483765291057,180
thresh_breath_Low_Faster,MAIA_Noticing_z,thresh_breath_Low_Faster,MSES_total_z,-0.032079362662534625,-0.42700793220574884,177,0.6698925068121564,NA,NA,180
thresh_breath_Low_Faster,MAIA_Noticing_z,thresh_breath_Low_Faster,MSES_selfdoubt_z,-0.03296177455301105,-0.43876630833621727,177,0.6613659787780438,NA,NA,180
thresh_breath_Low_Faster,MAIA_Noticing_z,thresh_breath_Low_Faster,MSES_total_z,-0.03623327537027041,-0.4810045644942529,176,0.6311106831513342,NA,NA,180
thresh_breath_Low_Faster,MAIA_Noticing_z,thresh_breath_Low_Faster,MSES_selfdoubt_z,-0.03623327537027041,-0.4810045644942529,176,0.6311106831513342,NA,NA,180
thresh_breath_Low_Slower,MAIA_total_z,thresh_breath_Low_Slower,none,0.12036947115057131,1.6176910158946876,178,0.10749989867976185,-0.02635789334899887,0.2620197629929549,180
thresh_breath_Low_Slower,MAIA_total_z,thresh_breath_Low_Slower,MSES_total_z,0.12115143611291854,1.6237756978687568,177,0.10620324197370307,NA,NA,180
thresh_breath_Low_Slower,MAIA_total_z,thresh_breath_Low_Slower,MSES_selfdoubt_z,0.13790508948706776,1.852406802091532,177,0.06563267863960821,NA,NA,180
thresh_breath_Low_Slower,MAIA_total_z,thresh_breath_Low_Slower,MSES_total_z,0.12836097991258805,1.7171055668927848,176,0.08771898602342743,NA,NA,180
thresh_breath_Low_Slower,MAIA_total_z,thresh_breath_Low_Slower,MSES_selfdoubt_z,0.12836097991258805,1.7171055668927848,176,0.08771898602342743,NA,NA,180
thresh_breath_Low_Slower,MAIA_BodyListen_z,thresh_breath_Low_Slower,none,0.12496496510239294,1.6804130818609766,178,0.0946310236227516,-0.02169488645061689,0.26635981325899377,180
thresh_breath_Low_Slower,MAIA_BodyListen_z,thresh_breath_Low_Slower,MSES_total_z,0.12183094944303609,1.6330199474153326,177,0.10424242299448647,NA,NA,180
thresh_breath_Low_Slower,MAIA_BodyListen_z,thresh_breath_Low_Slower,MSES_selfdoubt_z,0.1287716884306777,1.727579251075376,177,0.08580797120167974,NA,NA,180
thresh_breath_Low_Slower,MAIA_BodyListen_z,thresh_breath_Low_Slower,MSES_total_z,0.12233288121934781,1.6352109285808278,176,0.10379205733104048,NA,NA,180
thresh_breath_Low_Slower,MAIA_BodyListen_z,thresh_breath_Low_Slower,MSES_selfdoubt_z,0.12233288121934781,1.6352109285808278,176,0.10379205733104048,NA,NA,180
thresh_breath_Low_Slower,MAIA_Noticing_z,thresh_breath_Low_Slower,none,0.08287720590981663,1.109536905556887,178,0.2686953684660864,-0.06416389910823264,0.22639617224091246,180
thresh_breath_Low_Slower,MAIA_Noticing_z,thresh_breath_Low_Slower,MSES_total_z,0.08195451930508146,1.0940141503665137,177,0.2754353610362417,NA,NA,180
thresh_breath_Low_Slower,MAIA_Noticing_z,thresh_breath_Low_Slower,MSES_selfdoubt_z,0.0838534247024624,1.1195401657878798,177,0.2644266794250379,NA,NA,180
thresh_breath_Low_Slower,MAIA_Noticing_z,thresh_breath_Low_Slower,MSES_total_z,0.08605622171320591,1.1459158173266506,176,0.253385654812209,NA,NA,180
thresh_breath_Low_Slower,MAIA_Noticing_z,thresh_breath_Low_Slower,MSES_selfdoubt_z,0.08605622171320591,1.1459158173266506,176,0.253385654812209,NA,NA,180
thresh_breath_High_Faster,MAIA_total_z,thresh_breath_High_Faster,none,-0.029323021938703914,-0.39138620892063114,178,0.695979900168321,-0.17483648577073319,0.11744399853360106,180
thresh_breath_High_Faster,MAIA_total_z,thresh_breath_High_Faster,MSES_total_z,-0.005079602116717493,-0.06758058263592505,177,0.9461957920525795,NA,NA,180
thresh_breath_High_Faster,MAIA_total_z,thresh_breath_High_Faster,MSES_selfdoubt_z,-0.0653137547138339,-0.8708023472749484,177,0.38504159548277783,NA,NA,180
thresh_breath_High_Faster,MAIA_total_z,thresh_breath_High_Faster,MSES_total_z,-0.028256141032129582,-0.3750098068986461,176,0.7081046860824971,NA,NA,180
thresh_breath_High_Faster,MAIA_total_z,thresh_breath_High_Faster,MSES_selfdoubt_z,-0.028256141032129582,-0.3750098068986461,176,0.7081046860824971,NA,NA,180
thresh_breath_High_Faster,MAIA_BodyListen_z,thresh_breath_High_Faster,none,-0.10727819364418004,-1.439577360615209,178,0.15174332518959832,-0.24962468354154135,0.039606584877969045,180
thresh_breath_High_Faster,MAIA_BodyListen_z,thresh_breath_High_Faster,MSES_total_z,-0.09806426057249168,-1.3109789390540176,177,0.19156317320931696,NA,NA,180
thresh_breath_High_Faster,MAIA_BodyListen_z,thresh_breath_High_Faster,MSES_selfdoubt_z,-0.12073978717650326,-1.6181766625155392,177,0.10740513631372123,NA,NA,180
thresh_breath_High_Faster,MAIA_BodyListen_z,thresh_breath_High_Faster,MSES_total_z,-0.09883503440102503,-1.3176463190648502,176,0.18933469041099887,NA,NA,180
thresh_breath_High_Faster,MAIA_BodyListen_z,thresh_breath_High_Faster,MSES_selfdoubt_z,-0.09883503440102503,-1.3176463190648502,176,0.18933469041099887,NA,NA,180
thresh_breath_High_Faster,MAIA_Noticing_z,thresh_breath_High_Faster,none,0.05719070205603043,0.7642700363155873,178,0.4457182851003938,-0.08982398371330756,0.20176626404217757,180
thresh_breath_High_Faster,MAIA_Noticing_z,thresh_breath_High_Faster,MSES_total_z,0.058951139879310235,0.7856602713411309,177,0.43311699338311016,NA,NA,180
thresh_breath_High_Faster,MAIA_Noticing_z,thresh_breath_High_Faster,MSES_selfdoubt_z,0.0518391398346598,0.6906034512010685,177,0.4907194052077968,NA,NA,180
thresh_breath_High_Faster,MAIA_Noticing_z,thresh_breath_High_Faster,MSES_total_z,0.04262102870526543,0.5659461105269301,176,0.5721512795382147,NA,NA,180
thresh_breath_High_Faster,MAIA_Noticing_z,thresh_breath_High_Faster,MSES_selfdoubt_z,0.04262102870526543,0.5659461105269301,176,0.5721512795382147,NA,NA,180
thresh_breath_High_Slower,MAIA_total_z,thresh_breath_High_Slower,none,0.11008196399955424,1.4818019336747719,179,0.14015126161758015,-0.036359591688794816,0.2518952117463405,181
thresh_breath_High_Slower,MAIA_total_z,thresh_breath_High_Slower,MSES_total_z,0.10518603620120742,1.4111852219575953,178,0.15993545928715747,NA,NA,181
thresh_breath_High_Slower,MAIA_total_z,thresh_breath_High_Slower,MSES_selfdoubt_z,0.1405632314789205,1.8941531281425734,178,0.059826458616311994,NA,NA,181
thresh_breath_High_Slower,MAIA_total_z,thresh_breath_High_Slower,MSES_total_z,0.11997778603929943,1.607814551358513,177,0.10965811698553465,NA,NA,181
thresh_breath_High_Slower,MAIA_total_z,thresh_breath_High_Slower,MSES_selfdoubt_z,0.11997778603929943,1.607814551358513,177,0.10965811698553465,NA,NA,181
thresh_breath_High_Slower,MAIA_BodyListen_z,thresh_breath_High_Slower,none,5.427706067234241e-4,0.007261776867809875,179,0.9942140780608536,-0.1453264893803747,0.14638893627058833,181
thresh_breath_High_Slower,MAIA_BodyListen_z,thresh_breath_High_Slower,MSES_total_z,-0.00720917816782009,-0.09618493279964599,178,0.9234819024912118,NA,NA,181
thresh_breath_High_Slower,MAIA_BodyListen_z,thresh_breath_High_Slower,MSES_selfdoubt_z,0.007402570274713455,0.09876531192647346,178,0.9214357463928309,NA,NA,181
thresh_breath_High_Slower,MAIA_BodyListen_z,thresh_breath_High_Slower,MSES_total_z,-0.006133981688910622,-0.08160885392076707,177,0.9350499687420614,NA,NA,181
thresh_breath_High_Slower,MAIA_BodyListen_z,thresh_breath_High_Slower,MSES_selfdoubt_z,-0.006133981688910622,-0.08160885392076707,177,0.9350499687420614,NA,NA,181
thresh_breath_High_Slower,MAIA_Noticing_z,thresh_breath_High_Slower,none,0.047472250110055084,0.635852306511553,179,0.5256848107577408,-0.09907149520394577,0.19200055554686943,181
thresh_breath_High_Slower,MAIA_Noticing_z,thresh_breath_High_Slower,MSES_total_z,0.04609965506445428,0.6157006961520486,178,0.5388785420577835,NA,NA,181
thresh_breath_High_Slower,MAIA_Noticing_z,thresh_breath_High_Slower,MSES_selfdoubt_z,0.0506614385049051,0.6767769530775082,178,0.49942601808087395,NA,NA,181
thresh_breath_High_Slower,MAIA_Noticing_z,thresh_breath_High_Slower,MSES_total_z,0.054451104499595414,0.7255011544378275,177,0.46910276672368156,NA,NA,181
thresh_breath_High_Slower,MAIA_Noticing_z,thresh_breath_High_Slower,MSES_selfdoubt_z,0.054451104499595414,0.7255011544378275,177,0.46910276672368156,NA,NA,181
